WELL_GROUP_NAME,INJ_INDICATOR,PROD_INDICATOR,样本数,平均lag,中位lag,short比例,lag标准差,唯一lag数
G001,INJ_VOL_DAILY,LIQ_PROD_DAILY,12,9.583333333333334,0.0,0.6666666666666666,16.81697374858527,5
G001,INJ_VOL_DAILY,MAX_TUBING_PRES,12,9.0,3.0,0.6666666666666666,13.031430536137687,5
G001,INJ_VOL_DAILY,OIL_PROD_DAILY,12,9.666666666666666,1.5,0.6666666666666666,15.322789523708753,8
G001,INJ_VOL_DAILY,WATER_CUT,12,6.583333333333333,0.5,0.75,11.595126980631548,7
G001,INJ_VOL_DAILY,WH_TEMP,12,10.916666666666666,2.5,0.6666666666666666,15.848477605885128,8
G002,INJ_VOL_DAILY,LIQ_PROD_DAILY,97,0.26804123711340205,0.0,0.9896907216494846,2.6399000293474097,2
G002,INJ_VOL_DAILY,MAX_TUBING_PRES,97,10.185567010309278,6.0,0.10309278350515463,7.610751573852634,11
G002,INJ_VOL_DAILY,OIL_PROD_DAILY,97,7.896907216494846,0.0,0.711340206185567,12.560258536420271,15
G002,INJ_VOL_DAILY,WATER_CUT,97,7.618556701030927,0.0,0.7216494845360825,12.43771423514743,15
G002,INJ_VOL_DAILY,WH_TEMP,97,24.1340206185567,43.0,0.4536082474226804,20.528754663672053,11
G003,INJ_VOL_DAILY,LIQ_PROD_DAILY,97,6.546391752577319,1.0,0.7319587628865979,10.16634625713345,15
G003,INJ_VOL_DAILY,MAX_TUBING_PRES,97,14.54639175257732,6.0,0.44329896907216493,17.983221704872513,14
G003,INJ_VOL_DAILY,OIL_PROD_DAILY,97,6.041237113402062,3.0,0.711340206185567,7.187833362954951,11
G003,INJ_VOL_DAILY,WATER_CUT,97,9.195876288659793,3.0,0.6597938144329897,12.897544319929125,16
G003,INJ_VOL_DAILY,WH_TEMP,97,12.556701030927835,0.0,0.5567010309278351,14.624443773015885,12
G004,INJ_VOL_DAILY,LIQ_PROD_DAILY,97,10.938144329896907,3.0,0.5051546391752577,11.017802292378997,14
G004,INJ_VOL_DAILY,MAX_TUBING_PRES,97,7.206185567010309,1.0,0.5979381443298969,12.910701427118752,13
G004,INJ_VOL_DAILY,OIL_PROD_DAILY,97,23.31958762886598,26.0,0.08247422680412371,9.488530786947225,20
G004,INJ_VOL_DAILY,WATER_CUT,97,18.22680412371134,28.0,0.422680412371134,16.419947951246666,14
G004,INJ_VOL_DAILY,WH_TEMP,97,18.701030927835053,15.0,0.4020618556701031,17.975194104453603,18
G005,INJ_VOL_DAILY,LIQ_PROD_DAILY,98,15.785714285714286,3.0,0.5204081632653061,16.516939133826078,16
G005,INJ_VOL_DAILY,MAX_TUBING_PRES,98,34.275510204081634,40.0,0.12244897959183673,15.566803571971615,11
G005,INJ_VOL_DAILY,OIL_PROD_DAILY,98,27.540816326530614,39.0,0.30612244897959184,18.459299540690232,23
G005,INJ_VOL_DAILY,WATER_CUT,98,18.785714285714285,6.0,0.25510204081632654,18.240235348454533,15
G005,INJ_VOL_DAILY,WH_TEMP,98,30.377551020408163,37.5,0.24489795918367346,17.145535505055012,15
G006,INJ_VOL_DAILY,LIQ_PROD_DAILY,8,5.75,0.0,0.75,10.347532487092204,4
G006,INJ_VOL_DAILY,MAX_TUBING_PRES,8,6.75,2.0,0.75,10.095968077830447,6
G006,INJ_VOL_DAILY,OIL_PROD_DAILY,8,23.375,22.0,0.125,12.117726095034733,6
G006,INJ_VOL_DAILY,WATER_CUT,8,13.625,6.0,0.375,16.491881119421848,5
G006,INJ_VOL_DAILY,WH_TEMP,8,23.75,23.0,0.125,12.383745106273098,6
G007,INJ_VOL_DAILY,LIQ_PROD_DAILY,97,17.90721649484536,18.0,0.422680412371134,17.025154474474682,20
G007,INJ_VOL_DAILY,MAX_TUBING_PRES,97,11.185567010309278,2.0,0.5979381443298969,14.735395239091273,13
G007,INJ_VOL_DAILY,OIL_PROD_DAILY,97,15.422680412371134,2.0,0.6185567010309279,18.981808754011915,16
G007,INJ_VOL_DAILY,WATER_CUT,97,25.15463917525773,30.0,0.1134020618556701,11.077699263032885,19
G007,INJ_VOL_DAILY,WH_TEMP,97,8.505154639175258,0.0,0.7938144329896907,16.22377609106218,13
G008,INJ_VOL_DAILY,LIQ_PROD_DAILY,7,24.0,32.0,0.2857142857142857,14.364307617610164,4
G008,INJ_VOL_DAILY,MAX_TUBING_PRES,7,3.857142857142857,0.0,0.7142857142857143,5.669467095138408,3
G008,INJ_VOL_DAILY,OIL_PROD_DAILY,7,23.428571428571427,31.0,0.2857142857142857,13.998299216418435,4
G008,INJ_VOL_DAILY,WATER_CUT,7,23.285714285714285,20.0,0.14285714285714285,12.365466505747445,7
G008,INJ_VOL_DAILY,WH_TEMP,7,15.857142857142858,16.0,0.42857142857142855,16.36488691710162,6
G009,INJ_VOL_DAILY,LIQ_PROD_DAILY,13,14.153846153846153,10.0,0.38461538461538464,15.225232093721669,11
G009,INJ_VOL_DAILY,MAX_TUBING_PRES,13,19.46153846153846,6.0,0.46153846153846156,19.185999168731456,10
G009,INJ_VOL_DAILY,OIL_PROD_DAILY,13,22.384615384615383,22.0,0.3076923076923077,17.11986400616966,9
G009,INJ_VOL_DAILY,WATER_CUT,13,20.076923076923077,27.0,0.3076923076923077,15.803277816440163,9
G009,INJ_VOL_DAILY,WH_TEMP,13,21.53846153846154,25.0,0.3076923076923077,17.309031287237424,10
G010,INJ_VOL_DAILY,LIQ_PROD_DAILY,13,16.23076923076923,3.0,0.5384615384615384,18.574865841390107,7
G010,INJ_VOL_DAILY,MAX_TUBING_PRES,13,5.923076923076923,3.0,0.6153846153846154,7.729397760730764,6
G010,INJ_VOL_DAILY,OIL_PROD_DAILY,13,21.23076923076923,22.0,0.38461538461538464,19.244712893648853,8
G010,INJ_VOL_DAILY,WATER_CUT,13,22.153846153846153,19.0,0.23076923076923078,17.126228198517396,11
G010,INJ_VOL_DAILY,WH_TEMP,13,4.846153846153846,3.0,0.8461538461538461,10.106484336356814,6
G011,INJ_VOL_DAILY,LIQ_PROD_DAILY,97,17.587628865979383,21.0,0.36082474226804123,15.41627425896061,12
G011,INJ_VOL_DAILY,MAX_TUBING_PRES,97,28.350515463917525,26.0,0.041237113402061855,12.629364952622488,18
G011,INJ_VOL_DAILY,OIL_PROD_DAILY,97,21.835051546391753,25.0,0.14432989690721648,13.05092622221626,17
G011,INJ_VOL_DAILY,WATER_CUT,97,23.95876288659794,31.0,0.08247422680412371,11.79063675635353,16
G011,INJ_VOL_DAILY,WH_TEMP,97,13.8659793814433,3.0,0.5979381443298969,16.11652158628645,18
G012,INJ_VOL_DAILY,LIQ_PROD_DAILY,97,12.68041237113402,3.0,0.6597938144329897,16.52998940798749,13
G012,INJ_VOL_DAILY,MAX_TUBING_PRES,97,6.938144329896907,3.0,0.6597938144329897,9.674724837807286,12
G012,INJ_VOL_DAILY,OIL_PROD_DAILY,97,18.329896907216494,10.0,0.07216494845360824,14.068079744499405,16
G012,INJ_VOL_DAILY,WATER_CUT,97,21.123711340206185,19.0,0.08247422680412371,14.044763060151906,24
G012,INJ_VOL_DAILY,WH_TEMP,97,21.329896907216494,17.0,0.061855670103092786,9.801914831514349,13
G013,INJ_VOL_DAILY,LIQ_PROD_DAILY,97,20.030927835051546,16.0,0.28865979381443296,15.522465982305174,13
G013,INJ_VOL_DAILY,MAX_TUBING_PRES,97,28.8659793814433,30.0,0.1958762886597938,16.56592188926524,16
G013,INJ_VOL_DAILY,OIL_PROD_DAILY,97,20.84536082474227,21.0,0.05154639175257732,10.39865797249174,17
G013,INJ_VOL_DAILY,WATER_CUT,97,10.515463917525773,0.0,0.6907216494845361,16.90544377440657,18
G013,INJ_VOL_DAILY,WH_TEMP,97,10.0,6.0,0.4742268041237113,14.863966496194749,9
G014,INJ_VOL_DAILY,LIQ_PROD_DAILY,98,16.571428571428573,3.0,0.5510204081632653,16.968740210454545,16
G014,INJ_VOL_DAILY,MAX_TUBING_PRES,98,20.081632653061224,17.5,0.37755102040816324,17.220626249965026,30
G014,INJ_VOL_DAILY,OIL_PROD_DAILY,98,14.36734693877551,16.0,0.30612244897959184,9.73397467593761,11
G014,INJ_VOL_DAILY,WATER_CUT,98,15.755102040816327,16.0,0.2857142857142857,10.711840663576524,16
G014,INJ_VOL_DAILY,WH_TEMP,98,8.204081632653061,3.0,0.6836734693877551,9.487875261772688,15
G015,INJ_VOL_DAILY,LIQ_PROD_DAILY,69,16.27536231884058,0.0,0.5942028985507246,19.752798802411757,3
G015,INJ_VOL_DAILY,MAX_TUBING_PRES,69,0.0,0.0,1.0,0.0,1
G015,INJ_VOL_DAILY,OIL_PROD_DAILY,69,16.27536231884058,0.0,0.5942028985507246,19.752798802411757,3
G015,INJ_VOL_DAILY,WATER_CUT,69,16.27536231884058,0.0,0.5942028985507246,19.752798802411757,3
G015,INJ_VOL_DAILY,WH_TEMP,69,16.27536231884058,0.0,0.5942028985507246,19.752798802411757,3
G016,INJ_VOL_DAILY,LIQ_PROD_DAILY,46,2.3260869565217392,2.0,0.9782608695652174,5.291730856623115,3
G016,INJ_VOL_DAILY,MAX_TUBING_PRES,46,24.02173913043478,24.0,0.13043478260869565,10.153246071927018,14
G016,INJ_VOL_DAILY,OIL_PROD_DAILY,46,5.456521739130435,1.5,0.8695652173913043,11.550289119496593,10
G016,INJ_VOL_DAILY,WATER_CUT,46,25.67391304347826,25.5,0.21739130434782608,15.560711705840145,14
G016,INJ_VOL_DAILY,WH_TEMP,46,7.217391304347826,0.0,0.7608695652173914,12.973328269060781,12
G017,INJ_VOL_DAILY,LIQ_PROD_DAILY,13,13.307692307692308,13.0,0.46153846153846156,13.168046016681286,10
G017,INJ_VOL_DAILY,MAX_TUBING_PRES,13,17.923076923076923,20.0,0.23076923076923078,12.42619235366395,9
G017,INJ_VOL_DAILY,OIL_PROD_DAILY,13,16.0,3.0,0.5384615384615384,17.4451521441727,10
G017,INJ_VOL_DAILY,WATER_CUT,13,17.307692307692307,3.0,0.5384615384615384,20.55230974604645,6
G017,INJ_VOL_DAILY,WH_TEMP,13,18.923076923076923,6.0,0.07692307692307693,16.56030161994611,8
G018,INJ_VOL_DAILY,LIQ_PROD_DAILY,13,15.076923076923077,6.0,0.46153846153846156,14.974765098110543,8
G018,INJ_VOL_DAILY,MAX_TUBING_PRES,13,26.615384615384617,32.0,0.23076923076923078,17.760154191984846,10
G018,INJ_VOL_DAILY,OIL_PROD_DAILY,13,13.615384615384615,3.0,0.6153846153846154,18.2096058054463,7
G018,INJ_VOL_DAILY,WATER_CUT,13,10.23076923076923,3.0,0.5384615384615384,14.04251785444148,7
G018,INJ_VOL_DAILY,WH_TEMP,13,12.538461538461538,1.0,0.6923076923076923,19.26402253171866,7
G019,INJ_VOL_DAILY,LIQ_PROD_DAILY,13,5.6923076923076925,0.0,0.6923076923076923,8.07655676825027,5
G019,INJ_VOL_DAILY,MAX_TUBING_PRES,13,15.846153846153847,14.0,0.46153846153846156,15.967916550832767,7
G019,INJ_VOL_DAILY,OIL_PROD_DAILY,13,12.538461538461538,1.0,0.6153846153846154,17.562343164734525,8
G019,INJ_VOL_DAILY,WATER_CUT,13,15.076923076923077,11.0,0.46153846153846156,16.755404791994426,9
G019,INJ_VOL_DAILY,WH_TEMP,13,26.46153846153846,36.0,0.3076923076923077,18.509526306811964,10
G020,INJ_VOL_DAILY,LIQ_PROD_DAILY,13,3.6923076923076925,2.0,0.8461538461538461,6.31644171171047,6
G020,INJ_VOL_DAILY,MAX_TUBING_PRES,13,11.923076923076923,3.0,0.5384615384615384,16.540160914480943,9
G020,INJ_VOL_DAILY,OIL_PROD_DAILY,13,13.538461538461538,6.0,0.46153846153846156,14.992305718908977,8
G020,INJ_VOL_DAILY,WATER_CUT,13,7.923076923076923,2.0,0.6923076923076923,12.439597651997824,8
G020,INJ_VOL_DAILY,WH_TEMP,13,8.615384615384615,0.0,0.6923076923076923,15.997595973241634,6
G021,INJ_VOL_DAILY,LIQ_PROD_DAILY,89,16.797752808988765,19.0,0.33707865168539325,13.664968295942415,19
G021,INJ_VOL_DAILY,MAX_TUBING_PRES,89,12.595505617977528,6.0,0.47191011235955055,13.395826267504846,19
G021,INJ_VOL_DAILY,OIL_PROD_DAILY,89,9.247191011235955,1.0,0.7640449438202247,15.241451328886871,10
G021,INJ_VOL_DAILY,WATER_CUT,89,10.910112359550562,3.0,0.6067415730337079,14.369032713568282,13
G021,INJ_VOL_DAILY,WH_TEMP,89,24.95505617977528,29.0,0.2247191011235955,16.016263121334138,16
G022,INJ_VOL_DAILY,LIQ_PROD_DAILY,97,25.010309278350515,32.0,0.24742268041237114,13.92726256705473,15
G022,INJ_VOL_DAILY,MAX_TUBING_PRES,97,20.309278350515463,24.0,0.44329896907216493,17.886424568616203,17
G022,INJ_VOL_DAILY,OIL_PROD_DAILY,97,19.628865979381445,32.0,0.4536082474226804,17.05158813939633,11
G022,INJ_VOL_DAILY,WATER_CUT,97,17.969072164948454,6.0,0.4948453608247423,16.85875984481524,11
G022,INJ_VOL_DAILY,WH_TEMP,97,12.989690721649485,12.0,0.4536082474226804,12.951427563979857,12
G023,INJ_VOL_DAILY,LIQ_PROD_DAILY,71,2.408450704225352,2.0,0.971830985915493,3.0169874510309236,6
G023,INJ_VOL_DAILY,MAX_TUBING_PRES,71,9.845070422535212,3.0,0.7746478873239436,14.842648865755491,8
G023,INJ_VOL_DAILY,OIL_PROD_DAILY,71,3.647887323943662,3.0,0.9436619718309859,6.120454211784557,6
G023,INJ_VOL_DAILY,WATER_CUT,71,17.971830985915492,14.0,0.15492957746478872,11.675336435636956,16
G023,INJ_VOL_DAILY,WH_TEMP,71,11.56338028169014,3.0,0.7323943661971831,17.51956652624732,9
G024,INJ_VOL_DAILY,LIQ_PROD_DAILY,154,3.2987012987012987,1.0,0.8311688311688312,5.647753755729599,12
G024,INJ_VOL_DAILY,MAX_TUBING_PRES,154,0.12987012987012986,0.0,1.0,0.5447467325568423,4
G024,INJ_VOL_DAILY,OIL_PROD_DAILY,154,8.766233766233766,3.0,0.564935064935065,11.917906672241738,15
G024,INJ_VOL_DAILY,WATER_CUT,154,14.279220779220779,10.0,0.2727272727272727,12.969293424773229,16
G024,INJ_VOL_DAILY,WH_TEMP,154,13.14935064935065,2.0,0.6558441558441559,17.499125082716425,16
G025,INJ_VOL_DAILY,LIQ_PROD_DAILY,75,17.506666666666668,18.0,0.3333333333333333,15.237199619754685,14
G025,INJ_VOL_DAILY,MAX_TUBING_PRES,75,11.453333333333333,2.0,0.72,16.36186513300457,8
G025,INJ_VOL_DAILY,OIL_PROD_DAILY,75,17.96,3.0,0.5733333333333334,20.34728217457781,11
G025,INJ_VOL_DAILY,WATER_CUT,75,10.56,3.0,0.5333333333333333,11.431629899632078,15
G025,INJ_VOL_DAILY,WH_TEMP,75,21.933333333333334,28.0,0.38666666666666666,19.41811172753579,13
G026,INJ_VOL_DAILY,LIQ_PROD_DAILY,149,23.06040268456376,23.0,0.21476510067114093,14.335850066670154,23
G026,INJ_VOL_DAILY,MAX_TUBING_PRES,149,6.02013422818792,1.0,0.8187919463087249,11.543378702691554,12
G026,INJ_VOL_DAILY,OIL_PROD_DAILY,149,14.604026845637584,12.0,0.48322147651006714,14.371903328946091,21
G026,INJ_VOL_DAILY,WATER_CUT,149,13.21476510067114,13.0,0.37583892617449666,11.296713082340355,14
G026,INJ_VOL_DAILY,WH_TEMP,149,14.865771812080537,2.0,0.5302013422818792,16.652918629883604,19
G027,INJ_VOL_DAILY,LIQ_PROD_DAILY,82,16.5609756097561,9.5,0.43902439024390244,16.522410938902517,14
G027,INJ_VOL_DAILY,MAX_TUBING_PRES,82,18.365853658536587,15.0,0.4024390243902439,17.034831560637965,18
G027,INJ_VOL_DAILY,OIL_PROD_DAILY,82,16.329268292682926,27.0,0.45121951219512196,14.326919217780544,12
G027,INJ_VOL_DAILY,WATER_CUT,82,23.341463414634145,34.0,0.2804878048780488,15.577935894105712,11
G027,INJ_VOL_DAILY,WH_TEMP,82,25.548780487804876,32.0,0.2926829268292683,16.93280287811927,16
G028,INJ_VOL_DAILY,LIQ_PROD_DAILY,78,21.166666666666668,24.0,0.15384615384615385,9.970627859539233,16
G028,INJ_VOL_DAILY,MAX_TUBING_PRES,78,21.871794871794872,27.0,0.2948717948717949,14.77041530103904,23
G028,INJ_VOL_DAILY,OIL_PROD_DAILY,78,20.26923076923077,17.0,0.21794871794871795,15.977803659771572,19
G028,INJ_VOL_DAILY,WATER_CUT,78,21.692307692307693,24.0,0.10256410256410256,9.991304911080123,25
G028,INJ_VOL_DAILY,WH_TEMP,78,15.64102564102564,6.0,0.28205128205128205,16.640565642682493,16
G029,INJ_VOL_DAILY,LIQ_PROD_DAILY,10,9.6,3.0,0.6,12.0756872360219,6
G029,INJ_VOL_DAILY,MAX_TUBING_PRES,10,6.6,1.0,0.8,11.871534582072082,4
G029,INJ_VOL_DAILY,OIL_PROD_DAILY,10,7.4,1.5,0.8,13.533497535949662,6
G029,INJ_VOL_DAILY,WATER_CUT,10,16.0,22.0,0.4,13.291601358251256,7
G029,INJ_VOL_DAILY,WH_TEMP,10,6.2,2.0,0.7,9.852241707685955,6
G030,INJ_VOL_DAILY,LIQ_PROD_DAILY,72,19.25,25.5,0.3888888888888889,14.150847284641278,15
G030,INJ_VOL_DAILY,MAX_TUBING_PRES,72,7.875,2.0,0.7638888888888888,12.745546032319359,11
G030,INJ_VOL_DAILY,OIL_PROD_DAILY,72,16.708333333333332,17.0,0.4444444444444444,13.848717335225881,18
G030,INJ_VOL_DAILY,WATER_CUT,72,19.875,25.5,0.3611111111111111,13.917197285433954,14
G030,INJ_VOL_DAILY,WH_TEMP,72,17.73611111111111,25.0,0.4027777777777778,14.02512138036457,15
G031,INJ_VOL_DAILY,LIQ_PROD_DAILY,67,30.746268656716417,41.0,0.07462686567164178,14.871513631244996,20
G031,INJ_VOL_DAILY,MAX_TUBING_PRES,67,21.35820895522388,22.0,0.05970149253731343,9.274764544160437,17
G031,INJ_VOL_DAILY,OIL_PROD_DAILY,67,22.98507462686567,28.0,0.1791044776119403,11.477900422133267,23
G031,INJ_VOL_DAILY,WATER_CUT,67,29.671641791044777,28.0,0.1044776119402985,12.321929280882742,13
G031,INJ_VOL_DAILY,WH_TEMP,67,25.44776119402985,33.0,0.208955223880597,17.134303340737574,20
G032,INJ_VOL_DAILY,LIQ_PROD_DAILY,67,16.08955223880597,9.0,0.08955223880597014,13.869228358168224,19
G032,INJ_VOL_DAILY,MAX_TUBING_PRES,67,10.582089552238806,0.0,0.6865671641791045,16.88656383021303,14
G032,INJ_VOL_DAILY,OIL_PROD_DAILY,67,12.746268656716419,3.0,0.6119402985074627,13.213105619367012,13
G032,INJ_VOL_DAILY,WATER_CUT,67,8.164179104477611,6.0,0.34328358208955223,10.046252150452217,8
G032,INJ_VOL_DAILY,WH_TEMP,67,17.507462686567163,12.0,0.11940298507462686,12.798405599477546,18
G033,INJ_VOL_DAILY,LIQ_PROD_DAILY,66,7.96969696969697,3.0,0.6060606060606061,9.436377559488674,11
G033,INJ_VOL_DAILY,MAX_TUBING_PRES,66,11.696969696969697,3.0,0.6363636363636364,12.487494910410538,10
G033,INJ_VOL_DAILY,OIL_PROD_DAILY,66,5.545454545454546,3.0,0.8787878787878788,7.926939108909796,9
G033,INJ_VOL_DAILY,WATER_CUT,66,22.803030303030305,34.0,0.12121212121212122,14.279861771545697,13
G033,INJ_VOL_DAILY,WH_TEMP,66,12.424242424242424,6.0,0.2727272727272727,15.89006521365386,7
G034,INJ_VOL_DAILY,LIQ_PROD_DAILY,97,22.52577319587629,26.0,0.28865979381443296,15.905379582278362,32
G034,INJ_VOL_DAILY,MAX_TUBING_PRES,97,18.855670103092784,2.0,0.5360824742268041,20.64531307319011,13
G034,INJ_VOL_DAILY,OIL_PROD_DAILY,97,19.536082474226806,22.0,0.3402061855670103,14.026806074791006,30
G034,INJ_VOL_DAILY,WATER_CUT,97,20.7319587628866,22.0,0.15463917525773196,8.668087380248028,18
G034,INJ_VOL_DAILY,WH_TEMP,97,27.824742268041238,37.0,0.25773195876288657,18.37628130979258,16
G035,INJ_VOL_DAILY,LIQ_PROD_DAILY,98,12.295918367346939,3.0,0.6428571428571429,13.910768048695498,20
G035,INJ_VOL_DAILY,MAX_TUBING_PRES,98,3.877551020408163,2.0,0.8775510204081632,7.048090047815248,9
G035,INJ_VOL_DAILY,OIL_PROD_DAILY,98,13.683673469387756,5.0,0.41836734693877553,12.910953504181009,21
G035,INJ_VOL_DAILY,WATER_CUT,98,24.244897959183675,23.5,0.1836734693877551,13.960962676529856,22
G035,INJ_VOL_DAILY,WH_TEMP,98,20.397959183673468,16.5,0.3163265306122449,17.15769178953593,23
G036,INJ_VOL_DAILY,LIQ_PROD_DAILY,6,8.333333333333334,2.5,0.6666666666666666,12.011105971835677,5
G036,INJ_VOL_DAILY,MAX_TUBING_PRES,6,6.0,2.0,0.8333333333333334,11.349008767288886,4
G036,INJ_VOL_DAILY,OIL_PROD_DAILY,6,29.166666666666668,32.0,0.16666666666666666,16.60622373288601,6
G036,INJ_VOL_DAILY,WATER_CUT,6,28.166666666666668,28.5,0.16666666666666666,16.240894885032247,6
G036,INJ_VOL_DAILY,WH_TEMP,6,8.833333333333334,3.0,0.5,14.784000360750357,4
G037,INJ_VOL_DAILY,LIQ_PROD_DAILY,98,17.775510204081634,28.0,0.45918367346938777,16.822622601137642,11
G037,INJ_VOL_DAILY,MAX_TUBING_PRES,98,13.622448979591837,3.0,0.5204081632653061,14.181820296786999,15
G037,INJ_VOL_DAILY,OIL_PROD_DAILY,98,22.448979591836736,19.0,0.35714285714285715,17.14770427301074,18
G037,INJ_VOL_DAILY,WATER_CUT,98,25.224489795918366,35.0,0.30612244897959184,16.60612892212527,19
G037,INJ_VOL_DAILY,WH_TEMP,98,13.816326530612244,6.0,0.37755102040816324,12.828244400842323,17
G038,INJ_VOL_DAILY,LIQ_PROD_DAILY,90,5.644444444444445,3.0,0.6888888888888889,8.223440204015208,12
G038,INJ_VOL_DAILY,MAX_TUBING_PRES,90,9.5,3.0,0.5333333333333333,12.133387866692283,27
G038,INJ_VOL_DAILY,OIL_PROD_DAILY,90,8.088888888888889,3.0,0.5111111111111111,9.73542638210819,9
G038,INJ_VOL_DAILY,WATER_CUT,90,0.8444444444444444,0.0,0.9777777777777777,4.3341111373396375,3
G038,INJ_VOL_DAILY,WH_TEMP,90,12.633333333333333,1.5,0.6222222222222222,17.209515267151982,16
G039,INJ_VOL_DAILY,LIQ_PROD_DAILY,97,23.969072164948454,25.0,0.17525773195876287,12.484535107022927,16
G039,INJ_VOL_DAILY,MAX_TUBING_PRES,97,14.092783505154639,1.0,0.5463917525773195,16.866561145643324,15
G039,INJ_VOL_DAILY,OIL_PROD_DAILY,97,24.84536082474227,28.0,0.12371134020618557,9.206361258872365,15
G039,INJ_VOL_DAILY,WATER_CUT,97,18.103092783505154,18.0,0.3402061855670103,14.382052281752124,17
G039,INJ_VOL_DAILY,WH_TEMP,97,19.567010309278352,16.0,0.35051546391752575,17.07697476165814,19
G040,INJ_VOL_DAILY,LIQ_PROD_DAILY,33,6.7272727272727275,0.0,0.8484848484848485,14.971374200605148,6
G040,INJ_VOL_DAILY,MAX_TUBING_PRES,33,22.96969696969697,23.0,0.09090909090909091,9.4422085885826,12
G040,INJ_VOL_DAILY,OIL_PROD_DAILY,33,29.696969696969695,41.0,0.24242424242424243,17.870165165165737,11
G040,INJ_VOL_DAILY,WATER_CUT,33,29.333333333333332,41.0,0.15151515151515152,15.924954212388387,12
G040,INJ_VOL_DAILY,WH_TEMP,33,30.454545454545453,44.0,0.24242424242424243,18.828321269252385,11
G041,INJ_VOL_DAILY,LIQ_PROD_DAILY,13,28.153846153846153,30.0,0.15384615384615385,13.495963309116753,11
G041,INJ_VOL_DAILY,MAX_TUBING_PRES,13,25.384615384615383,24.0,0.23076923076923078,18.441522268775525,10
G041,INJ_VOL_DAILY,OIL_PROD_DAILY,13,26.23076923076923,31.0,0.23076923076923078,15.912017712795185,9
G041,INJ_VOL_DAILY,WATER_CUT,13,16.76923076923077,23.0,0.38461538461538464,15.487381133005488,10
G041,INJ_VOL_DAILY,WH_TEMP,13,19.076923076923077,21.0,0.23076923076923078,13.937129896201359,11
G044,INJ_VOL_DAILY,LIQ_PROD_DAILY,6,23.666666666666668,24.5,0.3333333333333333,22.73030282830976,5
G044,INJ_VOL_DAILY,MAX_TUBING_PRES,6,11.333333333333334,10.5,0.5,12.160043859570022,4
G044,INJ_VOL_DAILY,OIL_PROD_DAILY,6,20.666666666666668,17.0,0.3333333333333333,20.324041592819736,3
G044,INJ_VOL_DAILY,WATER_CUT,6,12.333333333333334,1.5,0.6666666666666666,18.76876838438438,4
G044,INJ_VOL_DAILY,WH_TEMP,6,13.5,10.5,0.5,14.515508947329405,5
G045,INJ_VOL_DAILY,LIQ_PROD_DAILY,12,20.0,16.5,0.3333333333333333,17.791724327491547,8
G045,INJ_VOL_DAILY,MAX_TUBING_PRES,12,18.583333333333332,12.5,0.5,19.97024301456059,8
G045,INJ_VOL_DAILY,OIL_PROD_DAILY,12,16.916666666666668,3.5,0.5,19.947468890852168,8
G045,INJ_VOL_DAILY,WATER_CUT,12,27.166666666666668,35.0,0.16666666666666666,16.86757693076132,8
G045,INJ_VOL_DAILY,WH_TEMP,12,19.0,17.0,0.5,18.00504979670476,8
G046,INJ_VOL_DAILY,LIQ_PROD_DAILY,11,10.636363636363637,3.0,0.5454545454545454,13.514974859560246,6
G046,INJ_VOL_DAILY,MAX_TUBING_PRES,11,26.636363636363637,37.0,0.2727272727272727,17.270047639035205,8
G046,INJ_VOL_DAILY,OIL_PROD_DAILY,11,15.454545454545455,19.0,0.45454545454545453,14.834848407473777,7
G046,INJ_VOL_DAILY,WATER_CUT,11,13.636363636363637,6.0,0.36363636363636365,12.792753630651436,7
G046,INJ_VOL_DAILY,WH_TEMP,11,13.0,1.0,0.5454545454545454,16.631295800387896,7
G047,INJ_VOL_DAILY,LIQ_PROD_DAILY,11,20.636363636363637,18.0,0.2727272727272727,16.390684715854473,10
G047,INJ_VOL_DAILY,MAX_TUBING_PRES,11,26.09090909090909,31.0,0.2727272727272727,16.476981188643414,9
G047,INJ_VOL_DAILY,OIL_PROD_DAILY,11,21.363636363636363,16.0,0.2727272727272727,17.64240758668004,7
G047,INJ_VOL_DAILY,WATER_CUT,11,17.09090909090909,14.0,0.36363636363636365,16.281612607199236,10
G047,INJ_VOL_DAILY,WH_TEMP,11,15.090909090909092,19.0,0.2727272727272727,11.112646358582149,7
G048,INJ_VOL_DAILY,LIQ_PROD_DAILY,92,11.01086956521739,0.0,0.7391304347826086,18.185548280668197,9
G048,INJ_VOL_DAILY,MAX_TUBING_PRES,92,2.7934782608695654,0.0,0.8586956521739131,7.398452531216583,9
G048,INJ_VOL_DAILY,OIL_PROD_DAILY,92,11.076086956521738,0.0,0.6956521739130435,17.429439346932515,10
G048,INJ_VOL_DAILY,WATER_CUT,92,8.565217391304348,0.0,0.717391304347826,13.534899414108102,11
G048,INJ_VOL_DAILY,WH_TEMP,92,7.826086956521739,3.0,0.7391304347826086,11.288045505445785,12
G049,INJ_VOL_DAILY,LIQ_PROD_DAILY,12,7.833333333333333,2.0,0.8333333333333334,15.764363339987804,5
G049,INJ_VOL_DAILY,MAX_TUBING_PRES,12,2.1666666666666665,3.0,0.9166666666666666,1.8504708655481241,4
G049,INJ_VOL_DAILY,OIL_PROD_DAILY,12,9.25,1.0,0.6666666666666666,15.5336877316835,6
G049,INJ_VOL_DAILY,WATER_CUT,12,12.166666666666666,1.0,0.6666666666666666,19.092279893065456,6
G049,INJ_VOL_DAILY,WH_TEMP,12,3.6666666666666665,0.5,0.9166666666666666,9.623204279555777,5
G050,INJ_VOL_DAILY,LIQ_PROD_DAILY,97,14.845360824742269,13.0,0.4948453608247423,17.61825533252936,12
G050,INJ_VOL_DAILY,MAX_TUBING_PRES,97,5.793814432989691,2.0,0.8762886597938144,12.854910009027918,8
G050,INJ_VOL_DAILY,OIL_PROD_DAILY,97,5.525773195876289,2.0,0.9072164948453608,11.921700088061716,8
G050,INJ_VOL_DAILY,WATER_CUT,97,3.4948453608247423,0.0,0.7628865979381443,7.176529615321576,12
G050,INJ_VOL_DAILY,WH_TEMP,97,10.43298969072165,14.0,0.3711340206185567,9.208134103985236,13
G051,INJ_VOL_DAILY,LIQ_PROD_DAILY,6,0.0,0.0,1.0,0.0,1
G051,INJ_VOL_DAILY,MAX_TUBING_PRES,6,0.0,0.0,1.0,0.0,1
G051,INJ_VOL_DAILY,OIL_PROD_DAILY,6,0.0,0.0,1.0,0.0,1
G051,INJ_VOL_DAILY,WATER_CUT,6,0.0,0.0,1.0,0.0,1
G051,INJ_VOL_DAILY,WH_TEMP,6,0.0,0.0,1.0,0.0,1
G053,INJ_VOL_DAILY,LIQ_PROD_DAILY,63,20.936507936507937,32.0,0.31746031746031744,15.400956208136428,10
G053,INJ_VOL_DAILY,MAX_TUBING_PRES,63,19.841269841269842,24.0,0.23809523809523808,11.397801640336741,14
G053,INJ_VOL_DAILY,OIL_PROD_DAILY,63,28.88888888888889,39.0,0.25396825396825395,15.768599986039131,10
G053,INJ_VOL_DAILY,WATER_CUT,63,28.92063492063492,39.0,0.25396825396825395,15.777997733983854,9
G053,INJ_VOL_DAILY,WH_TEMP,63,3.857142857142857,2.0,0.9365079365079365,6.283252555230536,6
G054,INJ_VOL_DAILY,LIQ_PROD_DAILY,69,2.608695652173913,1.0,0.927536231884058,5.854152350617938,7
G054,INJ_VOL_DAILY,MAX_TUBING_PRES,69,19.130434782608695,18.0,0.2898550724637681,12.469861364716252,12
G054,INJ_VOL_DAILY,OIL_PROD_DAILY,69,10.391304347826088,1.0,0.6811594202898551,14.764043555110053,16
G054,INJ_VOL_DAILY,WATER_CUT,69,24.695652173913043,29.0,0.17391304347826086,12.796259044122879,16
G054,INJ_VOL_DAILY,WH_TEMP,69,20.6231884057971,19.0,0.2028985507246377,12.615468387093124,17
G055,INJ_VOL_DAILY,LIQ_PROD_DAILY,73,11.232876712328768,1.0,0.5616438356164384,14.627334142269023,20
G055,INJ_VOL_DAILY,MAX_TUBING_PRES,73,10.26027397260274,2.0,0.6986301369863014,15.071152906260904,16
G055,INJ_VOL_DAILY,OIL_PROD_DAILY,73,14.753424657534246,3.0,0.5068493150684932,16.193089079671037,19
G055,INJ_VOL_DAILY,WATER_CUT,73,26.356164383561644,35.0,0.2191780821917808,16.039335209808506,20
G055,INJ_VOL_DAILY,WH_TEMP,73,13.04109589041096,3.0,0.6986301369863014,16.92831155537011,11
G056,INJ_VOL_DAILY,LIQ_PROD_DAILY,26,0.0,0.0,1.0,0.0,1
G056,INJ_VOL_DAILY,MAX_TUBING_PRES,26,0.0,0.0,1.0,0.0,1
G056,INJ_VOL_DAILY,OIL_PROD_DAILY,26,0.0,0.0,1.0,0.0,1
G056,INJ_VOL_DAILY,WATER_CUT,26,0.0,0.0,1.0,0.0,1
G056,INJ_VOL_DAILY,WH_TEMP,26,0.0,0.0,1.0,0.0,1
G057,INJ_VOL_DAILY,LIQ_PROD_DAILY,17,2.9411764705882355,3.0,1.0,0.24253562503633294,2
G057,INJ_VOL_DAILY,MAX_TUBING_PRES,17,0.47058823529411764,0.0,1.0,0.5144957554275265,2
G057,INJ_VOL_DAILY,OIL_PROD_DAILY,17,0.0,0.0,1.0,0.0,1
G057,INJ_VOL_DAILY,WATER_CUT,17,0.0,0.0,1.0,0.0,1
G057,INJ_VOL_DAILY,WH_TEMP,17,1.8823529411764706,2.0,1.0,1.2689736473414486,4
G058,INJ_VOL_DAILY,LIQ_PROD_DAILY,59,21.593220338983052,25.0,0.13559322033898305,8.828087315920149,9
G058,INJ_VOL_DAILY,MAX_TUBING_PRES,59,36.220338983050844,43.0,0.13559322033898305,14.431846724626382,13
G058,INJ_VOL_DAILY,OIL_PROD_DAILY,59,20.966101694915253,25.0,0.1694915254237288,9.595196538381561,12
G058,INJ_VOL_DAILY,WATER_CUT,59,15.40677966101695,3.0,0.559322033898305,16.88410662996396,11
G058,INJ_VOL_DAILY,WH_TEMP,59,18.491525423728813,6.0,0.4576271186440678,17.53653612767074,13
G059,INJ_VOL_DAILY,LIQ_PROD_DAILY,97,12.938144329896907,3.0,0.5154639175257731,14.25644184292205,14
G059,INJ_VOL_DAILY,MAX_TUBING_PRES,97,9.597938144329897,6.0,0.44329896907216493,11.179091154373896,20
G059,INJ_VOL_DAILY,OIL_PROD_DAILY,97,16.391752577319586,17.0,0.23711340206185566,12.295457071813596,16
G059,INJ_VOL_DAILY,WATER_CUT,97,22.463917525773194,22.0,0.13402061855670103,14.200250772191566,28
G059,INJ_VOL_DAILY,WH_TEMP,97,14.206185567010309,5.0,0.26804123711340205,14.575906307106242,20
G060,INJ_VOL_DAILY,LIQ_PROD_DAILY,97,14.65979381443299,6.0,0.4742268041237113,17.370884763219305,11
G060,INJ_VOL_DAILY,MAX_TUBING_PRES,97,21.15463917525773,20.0,0.05154639175257732,11.424881660752522,26
G060,INJ_VOL_DAILY,OIL_PROD_DAILY,97,19.824742268041238,20.0,0.4020618556701031,18.010419616894886,15
G060,INJ_VOL_DAILY,WATER_CUT,97,21.49484536082474,29.0,0.41237113402061853,17.498287839659845,20
G060,INJ_VOL_DAILY,WH_TEMP,97,9.278350515463918,2.0,0.6494845360824743,13.399115539872739,16
G061,INJ_VOL_DAILY,LIQ_PROD_DAILY,87,7.64367816091954,0.0,0.8275862068965517,15.959233684678969,7
G061,INJ_VOL_DAILY,MAX_TUBING_PRES,87,16.367816091954023,0.0,0.632183908045977,21.234633263285943,4
G061,INJ_VOL_DAILY,OIL_PROD_DAILY,87,15.60919540229885,0.0,0.6436781609195402,20.760739065707593,5
G061,INJ_VOL_DAILY,WATER_CUT,87,10.862068965517242,0.0,0.7586206896551724,18.27450404238617,5
G061,INJ_VOL_DAILY,WH_TEMP,87,13.080459770114942,0.0,0.7011494252873564,19.795006647087703,5
G062,INJ_VOL_DAILY,LIQ_PROD_DAILY,91,17.52747252747253,6.0,0.45054945054945056,17.843355849877234,20
G062,INJ_VOL_DAILY,MAX_TUBING_PRES,91,17.846153846153847,17.0,0.34065934065934067,15.668739633722991,16
G062,INJ_VOL_DAILY,OIL_PROD_DAILY,91,16.274725274725274,17.0,0.32967032967032966,13.958721633656486,12
G062,INJ_VOL_DAILY,WATER_CUT,91,16.032967032967033,17.0,0.34065934065934067,13.271063383207968,12
G062,INJ_VOL_DAILY,WH_TEMP,91,21.45054945054945,24.0,0.21978021978021978,11.336532623204148,10
G063,INJ_VOL_DAILY,LIQ_PROD_DAILY,97,22.1340206185567,26.0,0.1134020618556701,14.818083593183385,19
G063,INJ_VOL_DAILY,MAX_TUBING_PRES,97,14.185567010309278,6.0,0.4536082474226804,16.187913377544998,15
G063,INJ_VOL_DAILY,OIL_PROD_DAILY,97,7.185567010309279,3.0,0.845360824742268,11.781279197052427,12
G063,INJ_VOL_DAILY,WATER_CUT,97,3.3711340206185567,3.0,0.9587628865979382,4.3067766069611775,6
G063,INJ_VOL_DAILY,WH_TEMP,97,24.927835051546392,33.0,0.09278350515463918,14.800934248863319,17
G064,INJ_VOL_DAILY,LIQ_PROD_DAILY,8,17.0,10.5,0.375,17.221249332479584,6
G064,INJ_VOL_DAILY,MAX_TUBING_PRES,8,16.625,10.0,0.5,18.28299365921394,6
G064,INJ_VOL_DAILY,OIL_PROD_DAILY,8,30.25,38.5,0.25,18.71401308416465,7
G064,INJ_VOL_DAILY,WATER_CUT,8,29.375,28.5,0.125,14.46115486397957,7
G064,INJ_VOL_DAILY,WH_TEMP,8,22.5,22.0,0.5,21.6992429097686,6
G065,INJ_VOL_DAILY,LIQ_PROD_DAILY,97,13.762886597938145,3.0,0.5567010309278351,15.499847577124411,11
G065,INJ_VOL_DAILY,MAX_TUBING_PRES,97,14.525773195876289,2.0,0.6082474226804123,17.972254532742706,16
G065,INJ_VOL_DAILY,OIL_PROD_DAILY,97,14.536082474226804,3.0,0.5876288659793815,16.81335149991797,14
G065,INJ_VOL_DAILY,WATER_CUT,97,7.175257731958763,3.0,0.6391752577319587,10.10054692132885,12
G065,INJ_VOL_DAILY,WH_TEMP,97,14.907216494845361,3.0,0.5360824742268041,18.37065281582898,9
G066,INJ_VOL_DAILY,LIQ_PROD_DAILY,97,5.185567010309279,0.0,0.7525773195876289,9.18709454536999,8
G066,INJ_VOL_DAILY,MAX_TUBING_PRES,97,20.536082474226806,19.0,0.25773195876288657,15.14311027034386,19
G066,INJ_VOL_DAILY,OIL_PROD_DAILY,97,32.71134020618557,35.0,0.08247422680412371,12.909104315435837,18
G066,INJ_VOL_DAILY,WATER_CUT,97,12.360824742268042,2.0,0.6185567010309279,16.6909316490337,17
G066,INJ_VOL_DAILY,WH_TEMP,97,22.144329896907216,29.0,0.4329896907216495,19.20502847060376,17
G067,INJ_VOL_DAILY,LIQ_PROD_DAILY,28,3.0357142857142856,0.0,0.6785714285714286,5.580934097158413,4
G067,INJ_VOL_DAILY,MAX_TUBING_PRES,28,10.714285714285714,0.5,0.7142857142857143,16.928733283444764,11
G067,INJ_VOL_DAILY,OIL_PROD_DAILY,28,11.035714285714286,3.0,0.6785714285714286,14.387448601078553,11
G067,INJ_VOL_DAILY,WATER_CUT,28,8.321428571428571,3.0,0.7857142857142857,14.000141722638675,7
G067,INJ_VOL_DAILY,WH_TEMP,28,8.428571428571429,2.0,0.8214285714285714,15.519231967032418,8
G068,INJ_VOL_DAILY,LIQ_PROD_DAILY,6,5.833333333333333,0.0,0.8333333333333334,13.332916660156046,3
G068,INJ_VOL_DAILY,MAX_TUBING_PRES,6,24.833333333333332,31.5,0.16666666666666666,17.71346004220143,6
G068,INJ_VOL_DAILY,OIL_PROD_DAILY,6,19.166666666666668,17.5,0.5,20.113842662869438,6
G068,INJ_VOL_DAILY,WATER_CUT,6,20.0,18.0,0.3333333333333333,19.3183850256692,6
G068,INJ_VOL_DAILY,WH_TEMP,6,6.166666666666667,2.5,0.6666666666666666,7.935153852740768,5
G069,INJ_VOL_DAILY,LIQ_PROD_DAILY,74,11.216216216216216,0.0,0.7027027027027027,17.336532233131816,8
G069,INJ_VOL_DAILY,MAX_TUBING_PRES,74,24.7972972972973,23.0,0.05405405405405406,9.813297840845516,20
G069,INJ_VOL_DAILY,OIL_PROD_DAILY,74,31.135135135135137,39.0,0.06756756756756757,12.435393945678921,11
G069,INJ_VOL_DAILY,WATER_CUT,74,28.91891891891892,39.0,0.05405405405405406,13.968415209779094,12
G069,INJ_VOL_DAILY,WH_TEMP,74,4.202702702702703,0.0,0.8783783783783784,11.19929025359983,9
G070,INJ_VOL_DAILY,LIQ_PROD_DAILY,73,17.82191780821918,28.0,0.4794520547945205,17.606298167412064,11
G070,INJ_VOL_DAILY,MAX_TUBING_PRES,73,1.7808219178082192,0.0,0.9452054794520548,7.491192189910736,6
G070,INJ_VOL_DAILY,OIL_PROD_DAILY,73,20.684931506849313,30.0,0.3150684931506849,15.213185721173268,16
G070,INJ_VOL_DAILY,WATER_CUT,73,25.232876712328768,30.0,0.0821917808219178,10.487453546374677,15
G070,INJ_VOL_DAILY,WH_TEMP,73,1.0410958904109588,0.0,0.9726027397260274,5.586288661049141,4
G071,INJ_VOL_DAILY,LIQ_PROD_DAILY,79,31.21518987341772,38.0,0.0759493670886076,14.866647308895027,16
G071,INJ_VOL_DAILY,MAX_TUBING_PRES,79,19.329113924050635,18.0,0.35443037974683544,14.459245572924509,10
G071,INJ_VOL_DAILY,OIL_PROD_DAILY,79,29.70886075949367,29.0,0.02531645569620253,10.279618743222171,15
G071,INJ_VOL_DAILY,WATER_CUT,79,24.620253164556964,32.0,0.26582278481012656,17.382059567464406,17
G071,INJ_VOL_DAILY,WH_TEMP,79,18.0,17.0,0.4810126582278481,16.609388756718136,14
G072,INJ_VOL_DAILY,LIQ_PROD_DAILY,89,28.314606741573034,41.0,0.24719101123595505,17.525044096441714,18
G072,INJ_VOL_DAILY,MAX_TUBING_PRES,89,8.764044943820224,3.0,0.5393258426966292,10.71004463948565,10
G072,INJ_VOL_DAILY,OIL_PROD_DAILY,89,28.348314606741575,35.0,0.1797752808988764,14.738709950019604,19
G072,INJ_VOL_DAILY,WATER_CUT,89,33.449438202247194,35.0,0.0,5.88528835308675,16
G072,INJ_VOL_DAILY,WH_TEMP,89,5.764044943820225,0.0,0.6292134831460674,7.932989909677686,10
G073,INJ_VOL_DAILY,LIQ_PROD_DAILY,10,6.3,2.0,0.8,12.970479302374809,5
G073,INJ_VOL_DAILY,MAX_TUBING_PRES,10,19.9,23.0,0.4,17.05839643368886,9
G073,INJ_VOL_DAILY,OIL_PROD_DAILY,10,20.6,22.5,0.2,13.276545735494103,8
G073,INJ_VOL_DAILY,WATER_CUT,10,14.3,14.5,0.4,12.083505745896392,8
G073,INJ_VOL_DAILY,WH_TEMP,10,17.3,13.0,0.4,16.303033119296817,9
G074,INJ_VOL_DAILY,LIQ_PROD_DAILY,96,6.822916666666667,5.0,0.4479166666666667,8.40550545355986,13
G074,INJ_VOL_DAILY,MAX_TUBING_PRES,96,12.822916666666666,3.0,0.5520833333333334,12.449472440030851,12
G074,INJ_VOL_DAILY,OIL_PROD_DAILY,96,8.354166666666666,2.0,0.75,13.428939031389332,11
G074,INJ_VOL_DAILY,WATER_CUT,96,13.15625,10.0,0.34375,12.82130474106118,21
G074,INJ_VOL_DAILY,WH_TEMP,96,12.4375,1.0,0.5520833333333334,17.058914940504522,15
G075,INJ_VOL_DAILY,LIQ_PROD_DAILY,89,17.696629213483146,22.0,0.43820224719101125,16.151558111147455,16
G075,INJ_VOL_DAILY,MAX_TUBING_PRES,89,12.415730337078651,3.0,0.5168539325842697,13.907820714165272,13
G075,INJ_VOL_DAILY,OIL_PROD_DAILY,89,18.325842696629213,23.0,0.3146067415730337,15.062578012547037,21
G075,INJ_VOL_DAILY,WATER_CUT,89,18.292134831460675,11.0,0.4157303370786517,17.903911613737453,19
G075,INJ_VOL_DAILY,WH_TEMP,89,19.55056179775281,25.0,0.38202247191011235,15.904552832983402,15
G076,INJ_VOL_DAILY,LIQ_PROD_DAILY,83,0.8072289156626506,1.0,1.0,0.3968728777642879,2
G076,INJ_VOL_DAILY,MAX_TUBING_PRES,83,0.27710843373493976,0.0,1.0,0.8598532633189223,3
G076,INJ_VOL_DAILY,OIL_PROD_DAILY,83,13.63855421686747,6.0,0.4578313253012048,15.025651492107375,15
G076,INJ_VOL_DAILY,WATER_CUT,83,11.25301204819277,6.0,0.1927710843373494,12.776544222924322,12
G076,INJ_VOL_DAILY,WH_TEMP,83,0.024096385542168676,0.0,1.0,0.2195285199793807,2
G077,INJ_VOL_DAILY,LIQ_PROD_DAILY,89,14.0,22.0,0.42696629213483145,12.082105475755153,12
G077,INJ_VOL_DAILY,MAX_TUBING_PRES,89,0.8651685393258427,0.0,0.9662921348314607,4.515606803168003,5
G077,INJ_VOL_DAILY,OIL_PROD_DAILY,89,14.752808988764045,3.0,0.5280898876404494,16.272034640391478,12
G077,INJ_VOL_DAILY,WATER_CUT,89,10.573033707865168,2.0,0.651685393258427,14.842267377975157,14
G077,INJ_VOL_DAILY,WH_TEMP,89,0.7752808988764045,0.0,0.9662921348314607,4.581962682352608,5
G078,INJ_VOL_DAILY,LIQ_PROD_DAILY,97,16.969072164948454,23.0,0.4742268041237113,15.824199300601425,15
G078,INJ_VOL_DAILY,MAX_TUBING_PRES,97,5.711340206185567,0.0,0.6907216494845361,8.327863325015453,9
G078,INJ_VOL_DAILY,OIL_PROD_DAILY,97,18.04123711340206,29.0,0.4329896907216495,15.006191448430263,16
G078,INJ_VOL_DAILY,WATER_CUT,97,19.721649484536083,29.0,0.3917525773195876,15.787483351826298,19
G078,INJ_VOL_DAILY,WH_TEMP,97,14.371134020618557,3.0,0.5463917525773195,17.17757718875399,21
G079,INJ_VOL_DAILY,LIQ_PROD_DAILY,93,10.698924731182796,6.0,0.3010752688172043,12.67639448313672,11
G079,INJ_VOL_DAILY,MAX_TUBING_PRES,93,19.322580645161292,19.0,0.40860215053763443,17.332528661151017,16
G079,INJ_VOL_DAILY,OIL_PROD_DAILY,93,24.473118279569892,28.0,0.25806451612903225,15.954821676717602,24
G079,INJ_VOL_DAILY,WATER_CUT,93,13.473118279569892,2.0,0.5913978494623656,16.392993862602896,14
G079,INJ_VOL_DAILY,WH_TEMP,93,23.322580645161292,37.0,0.3010752688172043,15.92315874982819,15
G080,INJ_VOL_DAILY,LIQ_PROD_DAILY,97,13.515463917525773,3.0,0.5876288659793815,18.19633285059443,10
G080,INJ_VOL_DAILY,MAX_TUBING_PRES,97,12.010309278350515,3.0,0.5567010309278351,13.666789769791727,19
G080,INJ_VOL_DAILY,OIL_PROD_DAILY,97,2.8762886597938144,1.0,0.9175257731958762,7.842535904655301,10
G080,INJ_VOL_DAILY,WATER_CUT,97,3.845360824742268,0.0,0.8350515463917526,7.962595114797645,9
G080,INJ_VOL_DAILY,WH_TEMP,97,15.835051546391753,6.0,0.4948453608247423,15.642943305456681,18
G081,INJ_VOL_DAILY,LIQ_PROD_DAILY,92,29.27173913043478,42.0,0.16304347826086957,17.38832705642809,14
G081,INJ_VOL_DAILY,MAX_TUBING_PRES,92,17.75,17.5,0.44565217391304346,17.87294904855681,24
G081,INJ_VOL_DAILY,OIL_PROD_DAILY,92,11.66304347826087,6.0,0.18478260869565216,11.14073524702219,15
G081,INJ_VOL_DAILY,WATER_CUT,92,18.782608695652176,6.0,0.08695652173913043,15.55269390251792,18
G081,INJ_VOL_DAILY,WH_TEMP,92,22.07608695652174,22.5,0.44565217391304346,20.656922153880434,15
G082,INJ_VOL_DAILY,LIQ_PROD_DAILY,11,10.272727272727273,5.0,0.45454545454545453,13.085036561591327,8
G082,INJ_VOL_DAILY,MAX_TUBING_PRES,11,12.090909090909092,2.0,0.6363636363636364,15.889962526416136,8
G082,INJ_VOL_DAILY,OIL_PROD_DAILY,11,9.363636363636363,12.0,0.36363636363636365,7.473589863950621,8
G082,INJ_VOL_DAILY,WATER_CUT,11,18.09090909090909,15.0,0.36363636363636365,18.107758256915986,8
G082,INJ_VOL_DAILY,WH_TEMP,11,14.454545454545455,13.0,0.36363636363636365,14.341294476884828,8
G083,INJ_VOL_DAILY,LIQ_PROD_DAILY,94,23.26595744680851,30.0,0.3723404255319149,18.9368932356267,17
G083,INJ_VOL_DAILY,MAX_TUBING_PRES,94,13.840425531914894,3.0,0.5319148936170213,15.342893133612334,22
G083,INJ_VOL_DAILY,OIL_PROD_DAILY,94,19.351063829787233,3.0,0.574468085106383,20.235020981578305,12
G083,INJ_VOL_DAILY,WATER_CUT,94,8.904255319148936,2.0,0.8297872340425532,15.20050165339145,9
G083,INJ_VOL_DAILY,WH_TEMP,94,10.77659574468085,3.0,0.7446808510638298,16.522486635809976,12
G084,INJ_VOL_DAILY,LIQ_PROD_DAILY,95,5.88421052631579,2.0,0.6631578947368421,11.367051263335286,14
G084,INJ_VOL_DAILY,MAX_TUBING_PRES,95,9.631578947368421,14.0,0.43157894736842106,8.78472154292816,12
G084,INJ_VOL_DAILY,OIL_PROD_DAILY,95,21.91578947368421,29.0,0.3684210526315789,16.627113948400048,16
G084,INJ_VOL_DAILY,WATER_CUT,95,11.115789473684211,2.0,0.6631578947368421,14.571805447430332,16
G084,INJ_VOL_DAILY,WH_TEMP,95,23.526315789473685,30.0,0.3157894736842105,18.12887793013123,12
G085,INJ_VOL_DAILY,LIQ_PROD_DAILY,70,15.285714285714286,3.0,0.5857142857142857,17.474737755609645,12
G085,INJ_VOL_DAILY,MAX_TUBING_PRES,70,11.014285714285714,3.0,0.7142857142857143,13.464384428302926,9
G085,INJ_VOL_DAILY,OIL_PROD_DAILY,70,27.071428571428573,32.0,0.18571428571428572,14.47068143240022,13
G085,INJ_VOL_DAILY,WATER_CUT,70,12.714285714285714,0.0,0.5857142857142857,15.232633596788043,11
G085,INJ_VOL_DAILY,WH_TEMP,70,12.557142857142857,0.5,0.6714285714285714,18.628819588332977,13
G086,INJ_VOL_DAILY,LIQ_PROD_DAILY,71,13.95774647887324,14.0,0.4225352112676056,13.229228051896849,14
G086,INJ_VOL_DAILY,MAX_TUBING_PRES,71,16.95774647887324,3.0,0.5070422535211268,17.33323530901447,11
G086,INJ_VOL_DAILY,OIL_PROD_DAILY,71,10.67605633802817,1.0,0.6338028169014085,14.517747412723429,12
G086,INJ_VOL_DAILY,WATER_CUT,71,21.549295774647888,25.0,0.30985915492957744,16.299683373256382,20
G086,INJ_VOL_DAILY,WH_TEMP,71,14.901408450704226,3.0,0.5352112676056338,16.074074005390937,14
G087,INJ_VOL_DAILY,LIQ_PROD_DAILY,96,2.84375,2.0,0.96875,3.3602259479166925,7
G087,INJ_VOL_DAILY,MAX_TUBING_PRES,96,26.520833333333332,38.5,0.25,17.2693700044581,13
G087,INJ_VOL_DAILY,OIL_PROD_DAILY,96,24.072916666666668,17.0,0.020833333333333332,11.910406587842385,16
G087,INJ_VOL_DAILY,WATER_CUT,96,14.572916666666666,1.0,0.5625,17.249710778150007,11
G087,INJ_VOL_DAILY,WH_TEMP,96,27.34375,36.0,0.11458333333333333,13.247306081654964,18
G088,INJ_VOL_DAILY,LIQ_PROD_DAILY,79,11.708860759493671,3.0,0.5443037974683544,11.399675994871773,7
G088,INJ_VOL_DAILY,MAX_TUBING_PRES,79,2.1012658227848102,0.0,0.9367088607594937,6.871708884443147,9
G088,INJ_VOL_DAILY,OIL_PROD_DAILY,79,15.278481012658228,23.0,0.4050632911392405,11.937805395594973,10
G088,INJ_VOL_DAILY,WATER_CUT,79,18.341772151898734,3.0,0.5316455696202531,18.63817840495986,13
G088,INJ_VOL_DAILY,WH_TEMP,79,16.860759493670887,21.0,0.4050632911392405,15.005754603172935,11
G089,INJ_VOL_DAILY,LIQ_PROD_DAILY,74,23.87837837837838,35.0,0.35135135135135137,18.01061536504157,9
G089,INJ_VOL_DAILY,MAX_TUBING_PRES,74,25.135135135135137,37.0,0.35135135135135137,19.0358884736565,16
G089,INJ_VOL_DAILY,OIL_PROD_DAILY,74,30.135135135135137,37.0,0.17567567567567569,14.554878977040064,13
G089,INJ_VOL_DAILY,WATER_CUT,74,22.54054054054054,27.0,0.1891891891891892,11.864750589587986,15
G089,INJ_VOL_DAILY,WH_TEMP,74,23.66216216216216,27.5,0.32432432432432434,17.00868193054474,12
G090,INJ_VOL_DAILY,LIQ_PROD_DAILY,97,24.072164948453608,29.0,0.28865979381443296,15.451703939668764,13
G090,INJ_VOL_DAILY,MAX_TUBING_PRES,97,19.762886597938145,17.0,0.15463917525773196,13.615840343049808,19
G090,INJ_VOL_DAILY,OIL_PROD_DAILY,97,22.0,27.0,0.32989690721649484,14.752824588306245,18
G090,INJ_VOL_DAILY,WATER_CUT,97,26.432989690721648,30.0,0.030927835051546393,13.211348669873788,18
G090,INJ_VOL_DAILY,WH_TEMP,97,24.75257731958763,25.0,0.09278350515463918,12.626056826918033,20
G091,INJ_VOL_DAILY,LIQ_PROD_DAILY,97,24.79381443298969,36.0,0.27835051546391754,16.047415513830867,15
G091,INJ_VOL_DAILY,MAX_TUBING_PRES,97,24.257731958762886,23.0,0.2268041237113402,15.102620047607815,27
G091,INJ_VOL_DAILY,OIL_PROD_DAILY,97,21.4020618556701,25.0,0.30927835051546393,17.29984332408247,19
G091,INJ_VOL_DAILY,WATER_CUT,97,11.206185567010309,6.0,0.4639175257731959,12.755667159092052,15
G091,INJ_VOL_DAILY,WH_TEMP,97,25.701030927835053,33.0,0.09278350515463918,14.885790867785637,23
G092,INJ_VOL_DAILY,LIQ_PROD_DAILY,97,25.969072164948454,27.0,0.010309278350515464,11.73088303745664,17
G092,INJ_VOL_DAILY,MAX_TUBING_PRES,97,20.88659793814433,23.0,0.3711340206185567,17.31742636807634,23
G092,INJ_VOL_DAILY,OIL_PROD_DAILY,97,14.731958762886597,15.0,0.36082474226804123,11.624789840320345,15
G092,INJ_VOL_DAILY,WATER_CUT,97,18.690721649484537,18.0,0.44329896907216493,16.945599739031486,18
G092,INJ_VOL_DAILY,WH_TEMP,97,13.525773195876289,1.0,0.6494845360824743,18.222635182368407,14
G093,INJ_VOL_DAILY,LIQ_PROD_DAILY,97,24.721649484536083,33.0,0.29896907216494845,16.623741974984423,13
G093,INJ_VOL_DAILY,MAX_TUBING_PRES,97,8.371134020618557,3.0,0.7422680412371134,12.994646002960915,13
G093,INJ_VOL_DAILY,OIL_PROD_DAILY,97,18.804123711340207,22.0,0.41237113402061853,14.614946099268925,14
G093,INJ_VOL_DAILY,WATER_CUT,97,12.618556701030927,3.0,0.7010309278350515,16.471214346910056,16
G093,INJ_VOL_DAILY,WH_TEMP,97,23.051546391752577,26.0,0.20618556701030927,12.862551533765096,21
G094,INJ_VOL_DAILY,LIQ_PROD_DAILY,6,27.166666666666668,31.5,0.0,10.684880283216403,5
G094,INJ_VOL_DAILY,MAX_TUBING_PRES,6,27.666666666666668,36.0,0.3333333333333333,20.02664891255316,6
G094,INJ_VOL_DAILY,OIL_PROD_DAILY,6,20.0,12.0,0.3333333333333333,20.139513400278567,4
G094,INJ_VOL_DAILY,WATER_CUT,6,19.0,13.0,0.3333333333333333,19.452506265260524,6
G094,INJ_VOL_DAILY,WH_TEMP,6,23.5,24.0,0.3333333333333333,21.787611158637837,6
G095,INJ_VOL_DAILY,LIQ_PROD_DAILY,81,6.049382716049383,2.0,0.6419753086419753,9.923332649074984,11
G095,INJ_VOL_DAILY,MAX_TUBING_PRES,81,12.308641975308642,3.0,0.6049382716049383,12.683298048327813,11
G095,INJ_VOL_DAILY,OIL_PROD_DAILY,81,19.790123456790123,22.0,0.3950617283950617,16.432221433347586,27
G095,INJ_VOL_DAILY,WATER_CUT,81,16.666666666666668,3.0,0.5061728395061729,17.822738285684387,14
G095,INJ_VOL_DAILY,WH_TEMP,81,7.679012345679013,3.0,0.654320987654321,9.364597108917483,12
G096,INJ_VOL_DAILY,LIQ_PROD_DAILY,48,1.8958333333333333,2.0,1.0,0.92804033600282,4
G096,INJ_VOL_DAILY,MAX_TUBING_PRES,48,3.0625,2.0,0.9791666666666666,5.948023987989805,5
G096,INJ_VOL_DAILY,OIL_PROD_DAILY,48,7.375,6.0,0.4375,8.26843523749178,12
G096,INJ_VOL_DAILY,WATER_CUT,48,2.75,0.0,0.9166666666666666,9.233380699881065,5
G096,INJ_VOL_DAILY,WH_TEMP,48,5.666666666666667,3.0,0.5833333333333334,9.964475909040273,5
G097,INJ_VOL_DAILY,LIQ_PROD_DAILY,93,23.408602150537636,20.0,0.27956989247311825,18.015836366411072,19
G097,INJ_VOL_DAILY,MAX_TUBING_PRES,93,2.5268817204301075,3.0,0.978494623655914,3.658199241755377,5
G097,INJ_VOL_DAILY,OIL_PROD_DAILY,93,5.741935483870968,2.0,0.7311827956989247,7.625619327387591,11
G097,INJ_VOL_DAILY,WATER_CUT,93,18.763440860215052,17.0,0.34408602150537637,17.341454385538242,9
G097,INJ_VOL_DAILY,WH_TEMP,93,4.440860215053763,3.0,0.6774193548387096,5.00969140243579,7
G098,INJ_VOL_DAILY,LIQ_PROD_DAILY,72,14.319444444444445,14.0,0.1527777777777778,9.525098630059588,15
G098,INJ_VOL_DAILY,MAX_TUBING_PRES,72,15.01388888888889,14.0,0.2222222222222222,12.639634795441218,11
G098,INJ_VOL_DAILY,OIL_PROD_DAILY,72,8.791666666666666,2.0,0.7361111111111112,13.137343290498062,11
G098,INJ_VOL_DAILY,WATER_CUT,72,16.38888888888889,3.0,0.5416666666666666,18.140729643194632,16
G098,INJ_VOL_DAILY,WH_TEMP,72,15.597222222222221,13.0,0.1527777777777778,9.943020373463227,17
G099,INJ_VOL_DAILY,LIQ_PROD_DAILY,67,1.8208955223880596,0.0,0.9402985074626866,6.685410105356129,7
G099,INJ_VOL_DAILY,MAX_TUBING_PRES,67,13.447761194029852,12.0,0.13432835820895522,9.059205233201155,11
G099,INJ_VOL_DAILY,OIL_PROD_DAILY,67,21.746268656716417,22.0,0.1791044776119403,12.364836853415355,16
G099,INJ_VOL_DAILY,WATER_CUT,67,20.492537313432837,24.0,0.31343283582089554,14.2959764781737,15
G099,INJ_VOL_DAILY,WH_TEMP,67,22.313432835820894,22.0,0.16417910447761194,15.488225200301976,20
G100,INJ_VOL_DAILY,LIQ_PROD_DAILY,154,11.772727272727273,3.0,0.6948051948051948,14.843639392745489,11
G100,INJ_VOL_DAILY,MAX_TUBING_PRES,154,16.506493506493506,6.0,0.35714285714285715,15.754757245334966,18
G100,INJ_VOL_DAILY,OIL_PROD_DAILY,154,19.266233766233768,20.0,0.2922077922077922,14.20717033721873,29
G100,INJ_VOL_DAILY,WATER_CUT,154,13.422077922077921,3.0,0.5974025974025974,15.461012517694947,23
G100,INJ_VOL_DAILY,WH_TEMP,154,17.532467532467532,11.0,0.44805194805194803,16.745760884384385,17
G101,INJ_VOL_DAILY,LIQ_PROD_DAILY,72,18.625,16.0,0.3611111111111111,17.01485473608696,16
G101,INJ_VOL_DAILY,MAX_TUBING_PRES,72,19.36111111111111,14.0,0.16666666666666666,14.426409229433567,19
G101,INJ_VOL_DAILY,OIL_PROD_DAILY,72,16.25,17.0,0.3055555555555556,14.48918975368567,15
G101,INJ_VOL_DAILY,WATER_CUT,72,14.277777777777779,3.0,0.5277777777777778,16.520769874485154,12
G101,INJ_VOL_DAILY,WH_TEMP,72,17.069444444444443,23.5,0.3888888888888889,13.775183226601653,16
G102,INJ_VOL_DAILY,LIQ_PROD_DAILY,67,22.134328358208954,23.0,0.34328358208955223,17.295029521020524,18
G102,INJ_VOL_DAILY,MAX_TUBING_PRES,67,17.82089552238806,22.0,0.40298507462686567,14.505929167208508,16
G102,INJ_VOL_DAILY,OIL_PROD_DAILY,67,20.53731343283582,6.0,0.47761194029850745,19.409719806736746,13
G102,INJ_VOL_DAILY,WATER_CUT,67,19.940298507462686,3.0,0.5074626865671642,20.378152737685824,12
G102,INJ_VOL_DAILY,WH_TEMP,67,18.16417910447761,15.0,0.3880597014925373,17.7538702694143,15
G103,INJ_VOL_DAILY,LIQ_PROD_DAILY,67,20.19402985074627,26.0,0.373134328358209,16.42175091795076,12
G103,INJ_VOL_DAILY,MAX_TUBING_PRES,67,18.01492537313433,27.0,0.44776119402985076,16.525914028096704,8
G103,INJ_VOL_DAILY,OIL_PROD_DAILY,67,16.73134328358209,25.0,0.3283582089552239,14.354370139704617,15
G103,INJ_VOL_DAILY,WATER_CUT,67,17.507462686567163,26.0,0.417910447761194,15.853852542337862,11
G103,INJ_VOL_DAILY,WH_TEMP,67,17.791044776119403,3.0,0.5074626865671642,18.895676364066475,12
G104,INJ_VOL_DAILY,LIQ_PROD_DAILY,74,16.85135135135135,16.0,0.43243243243243246,15.436731175404672,22
G104,INJ_VOL_DAILY,MAX_TUBING_PRES,74,6.783783783783784,2.0,0.6216216216216216,9.656100733591572,10
G104,INJ_VOL_DAILY,OIL_PROD_DAILY,74,9.594594594594595,2.5,0.5945945945945946,13.355947747889473,19
G104,INJ_VOL_DAILY,WATER_CUT,74,9.108108108108109,3.0,0.5135135135135135,12.041671444041095,23
G104,INJ_VOL_DAILY,WH_TEMP,74,7.27027027027027,3.0,0.5540540540540541,8.163227432684586,15
G105,INJ_VOL_DAILY,LIQ_PROD_DAILY,160,7.05625,0.0,0.73125,13.915850821564964,13
G105,INJ_VOL_DAILY,MAX_TUBING_PRES,160,11.29375,1.0,0.66875,17.461402853798475,16
G105,INJ_VOL_DAILY,OIL_PROD_DAILY,160,6.50625,0.0,0.81875,13.394355741254245,12
G105,INJ_VOL_DAILY,WATER_CUT,160,11.38125,0.0,0.60625,16.38563256034126,17
G105,INJ_VOL_DAILY,WH_TEMP,160,8.575,0.0,0.7375,15.601785900032096,12
G106,INJ_VOL_DAILY,LIQ_PROD_DAILY,67,9.776119402985074,2.0,0.6417910447761194,14.307045197683456,14
G106,INJ_VOL_DAILY,MAX_TUBING_PRES,67,22.46268656716418,26.0,0.43283582089552236,19.901521457149006,12
G106,INJ_VOL_DAILY,OIL_PROD_DAILY,67,6.552238805970149,3.0,0.8208955223880597,10.982470305114132,12
G106,INJ_VOL_DAILY,WATER_CUT,67,11.164179104477611,3.0,0.6417910447761194,14.726390467791479,15
G106,INJ_VOL_DAILY,WH_TEMP,67,23.865671641791046,19.0,0.31343283582089554,18.646549378068023,14
G107,INJ_VOL_DAILY,LIQ_PROD_DAILY,72,19.15277777777778,4.5,0.5,20.013136335369598,14
G107,INJ_VOL_DAILY,MAX_TUBING_PRES,72,13.444444444444445,3.0,0.5972222222222222,15.009751655421665,10
G107,INJ_VOL_DAILY,OIL_PROD_DAILY,72,23.194444444444443,24.5,0.2916666666666667,19.719611235839434,14
G107,INJ_VOL_DAILY,WATER_CUT,72,11.583333333333334,3.0,0.5833333333333334,15.864523270226217,12
G107,INJ_VOL_DAILY,WH_TEMP,72,18.22222222222222,5.5,0.4861111111111111,19.787050981423963,13
G108,INJ_VOL_DAILY,LIQ_PROD_DAILY,71,27.197183098591548,28.0,0.19718309859154928,15.201146308570525,20
G108,INJ_VOL_DAILY,MAX_TUBING_PRES,71,18.211267605633804,25.0,0.36619718309859156,14.921619495558158,23
G108,INJ_VOL_DAILY,OIL_PROD_DAILY,71,19.52112676056338,21.0,0.30985915492957744,13.939521568885228,21
G108,INJ_VOL_DAILY,WATER_CUT,71,13.211267605633802,14.0,0.4788732394366197,11.384093530583737,13
G108,INJ_VOL_DAILY,WH_TEMP,71,22.56338028169014,27.0,0.323943661971831,18.708082588142176,20
G109,INJ_VOL_DAILY,LIQ_PROD_DAILY,141,14.24113475177305,3.0,0.524822695035461,15.927918305926978,13
G109,INJ_VOL_DAILY,MAX_TUBING_PRES,141,15.858156028368795,3.0,0.5319148936170213,16.565274160244158,23
G109,INJ_VOL_DAILY,OIL_PROD_DAILY,141,14.574468085106384,1.0,0.624113475177305,18.822947257670503,19
G109,INJ_VOL_DAILY,WATER_CUT,141,7.943262411347518,1.0,0.6524822695035462,12.105354806652057,25
G109,INJ_VOL_DAILY,WH_TEMP,141,10.49645390070922,6.0,0.3971631205673759,10.570595410636038,15
G110,INJ_VOL_DAILY,LIQ_PROD_DAILY,144,16.15277777777778,15.0,0.4097222222222222,14.032090815326583,21
G110,INJ_VOL_DAILY,MAX_TUBING_PRES,144,8.041666666666666,2.0,0.75,13.33583164239882,14
G110,INJ_VOL_DAILY,OIL_PROD_DAILY,144,14.17361111111111,1.0,0.6319444444444444,18.409988874662314,22
G110,INJ_VOL_DAILY,WATER_CUT,144,14.493055555555555,6.0,0.4652777777777778,15.873625276208317,23
G110,INJ_VOL_DAILY,WH_TEMP,144,5.798611111111111,1.0,0.7638888888888888,10.546984364090957,18
G111,INJ_VOL_DAILY,LIQ_PROD_DAILY,67,14.432835820895523,13.0,0.26865671641791045,12.473273100364361,15
G111,INJ_VOL_DAILY,MAX_TUBING_PRES,67,18.64179104477612,19.0,0.11940298507462686,11.975608408074931,24
G111,INJ_VOL_DAILY,OIL_PROD_DAILY,67,12.955223880597014,6.0,0.4925373134328358,13.907086525614785,13
G111,INJ_VOL_DAILY,WATER_CUT,67,25.71641791044776,32.0,0.208955223880597,14.792305504069843,22
G111,INJ_VOL_DAILY,WH_TEMP,67,13.462686567164178,13.0,0.2835820895522388,11.915521273467357,14
