WELL_GROUP_NAME,样本数,平均lag,中位lag,short比例,label标准差,最早标签日,最晚标签日
G001,60,9.15,1.5,0.6833333333333333,14.217231130460991,2025-03-20,2025-10-31
G002,485,10.02061855670103,2.0,0.5958762886597938,14.814960177845318,2025-03-20,2025-10-31
G003,485,9.777319587628867,3.0,0.6206185567010309,13.467434744065752,2025-03-20,2025-10-31
G004,485,15.678350515463917,15.0,0.4020618556701031,15.042764293977283,2025-03-20,2025-10-31
G005,490,25.353061224489796,35.0,0.2897959183673469,18.521524559288697,2025-03-20,2025-10-31
G006,40,14.65,20.0,0.425,14.21546647773077,2025-03-25,2025-10-31
G007,485,15.635051546391752,3.0,0.5092783505154639,16.790911805612772,2025-03-20,2025-10-31
G008,35,18.085714285714285,18.0,0.37142857142857144,14.569047424493572,2025-03-20,2025-06-20
G009,65,19.523076923076925,19.0,0.35384615384615387,16.698715980117015,2025-03-20,2025-10-31
G010,65,14.076923076923077,3.0,0.5230769230769231,16.57964460971994,2025-03-20,2025-10-31
G011,485,21.11958762886598,21.0,0.24536082474226803,14.727347356539711,2025-03-20,2025-10-31
G012,485,16.08041237113402,11.0,0.30721649484536084,14.173938947383117,2025-03-20,2025-10-31
G013,485,18.051546391752577,16.0,0.3402061855670103,16.563284058485472,2025-03-20,2025-10-31
G014,490,14.995918367346938,15.0,0.44081632653061226,13.801247078942461,2025-03-20,2025-10-31
G015,345,13.020289855072464,0.0,0.6753623188405797,18.735370879936248,2025-07-22,2025-09-30
G016,230,12.939130434782609,3.0,0.591304347826087,15.176566029434804,2025-03-20,2025-10-31
G017,65,16.692307692307693,13.0,0.36923076923076925,15.90491578581434,2025-03-20,2025-10-31
G018,65,15.615384615384615,3.0,0.5076923076923077,17.412004037886753,2025-03-20,2025-10-31
G019,65,15.123076923076923,3.0,0.5076923076923077,16.744875794839906,2025-03-20,2025-10-31
G020,65,9.138461538461538,2.0,0.6461538461538462,13.77710614919381,2025-03-20,2025-10-31
G021,445,14.901123595505618,6.0,0.48089887640449436,15.557337239319999,2025-03-20,2025-10-31
G022,485,19.18144329896907,17.0,0.41855670103092785,16.25812149178096,2025-03-20,2025-10-31
G023,355,9.087323943661971,3.0,0.7154929577464789,13.132989143201252,2025-07-25,2026-02-28
G024,770,7.9246753246753245,2.0,0.6649350649350649,12.617594129784313,2025-07-20,2026-02-28
G025,375,15.882666666666667,3.0,0.5093333333333333,17.31007228452682,2025-03-25,2026-02-28
G026,745,14.353020134228188,12.0,0.48456375838926175,14.779842951385,2025-03-20,2026-02-28
G027,410,20.029268292682925,27.0,0.37317073170731707,16.463462456005796,2025-03-25,2026-02-28
G028,390,20.128205128205128,24.0,0.21025641025641026,13.904151304749675,2025-03-20,2026-02-28
G029,50,9.16,2.5,0.66,12.244715644901264,2025-03-20,2025-09-30
G030,360,16.288888888888888,17.0,0.4722222222222222,14.347843058568161,2025-03-25,2026-02-28
G031,335,26.04179104477612,27.0,0.1253731343283582,13.717794611311367,2025-03-20,2026-02-28
G032,335,13.017910447761194,6.0,0.3701492537313433,13.893725432695941,2025-03-25,2026-02-28
G033,330,12.087878787878788,3.0,0.503030303030303,13.640460500292315,2025-03-20,2026-02-28
G034,485,21.894845360824743,23.0,0.3154639175257732,16.309230079053144,2025-03-20,2025-10-31
G035,490,14.9,4.0,0.48775510204081635,15.097237656838944,2025-03-20,2025-10-31
G036,30,16.1,7.5,0.4666666666666667,16.963144633648234,2025-03-25,2025-08-31
G037,490,18.577551020408162,19.0,0.40408163265306124,16.222100672460797,2025-03-20,2025-10-31
G038,450,7.342222222222222,1.0,0.6666666666666666,11.810992744745535,2025-03-20,2025-10-31
G039,485,20.115463917525773,25.0,0.30721649484536084,14.785905591976155,2025-03-20,2025-10-31
G040,165,23.836363636363636,24.0,0.3151515151515151,17.970942300948927,2025-03-25,2025-10-31
G041,65,23.123076923076923,27.0,0.24615384615384617,15.69883324914993,2025-03-20,2025-10-31
G044,30,16.3,11.5,0.4666666666666667,17.550223497938315,2025-03-25,2025-07-31
G045,60,20.333333333333332,22.5,0.4,18.273502782849327,2025-03-20,2025-09-30
G046,55,15.872727272727273,6.0,0.43636363636363634,15.596835559217755,2025-03-25,2025-10-31
G047,55,20.054545454545455,17.0,0.2909090909090909,15.629291329895526,2025-03-20,2025-10-31
G048,460,8.254347826086956,0.0,0.75,14.400680910458844,2025-03-20,2025-10-31
G049,60,7.016666666666667,1.0,0.8,13.812904389867318,2025-03-25,2025-10-31
G050,485,8.018556701030928,2.0,0.6824742268041237,12.900191633986527,2025-03-20,2025-10-31
G051,30,0.0,0.0,1.0,0.0,2025-03-25,2025-07-31
G053,315,20.488888888888887,24.0,0.4,16.20418196308319,2025-03-25,2026-02-22
G054,345,15.489855072463769,18.0,0.45507246376811594,14.417590041168948,2025-03-25,2026-02-28
G055,365,15.128767123287671,3.0,0.536986301369863,16.753132226837614,2025-03-20,2026-02-28
G056,130,0.0,0.0,1.0,0.0,2025-04-20,2025-12-31
G057,85,1.0588235294117647,0.0,1.0,1.3215515878843986,2026-02-12,2026-02-28
G058,295,22.535593220338985,25.0,0.29152542372881357,15.597114711284288,2025-03-20,2025-10-31
G059,485,15.119587628865979,14.0,0.31958762886597936,13.985312832976252,2025-03-20,2025-10-31
G060,485,17.282474226804123,14.0,0.3979381443298969,16.385862495862764,2025-03-20,2025-10-31
G061,435,12.71264367816092,0.0,0.7126436781609196,19.47496800869163,2025-06-20,2025-09-27
G062,455,17.826373626373627,17.0,0.3362637362637363,14.64854667329942,2025-06-20,2025-10-31
G063,485,14.360824742268042,6.0,0.4927835051546392,15.466296045530145,2025-03-20,2025-10-31
G064,40,23.15,25.0,0.35,18.248357846736894,2025-03-25,2025-08-31
G065,485,12.981443298969072,3.0,0.5855670103092784,16.234136121104022,2025-03-20,2025-10-31
G066,485,18.587628865979383,18.0,0.4288659793814433,17.627664547030506,2025-03-20,2025-10-31
G067,140,8.307142857142857,2.0,0.7357142857142858,13.965989742078715,2025-03-20,2025-12-07
G068,30,15.2,4.5,0.5,17.086796677249225,2025-03-25,2025-08-31
G069,370,20.054054054054053,18.0,0.35135135135135137,16.83644573326924,2025-03-20,2025-09-07
G070,365,13.312328767123288,2.0,0.5589041095890411,15.699303067801843,2025-03-20,2025-09-06
G071,395,24.5746835443038,32.0,0.24050632911392406,15.773503680668695,2025-03-20,2025-09-12
G072,445,20.92808988764045,24.0,0.31910112359550563,16.587720607330503,2025-03-20,2025-09-22
G073,50,15.68,12.5,0.44,14.826121460146629,2025-03-25,2025-09-30
G074,480,10.71875,3.0,0.5291666666666667,13.329220670961911,2025-03-20,2025-09-30
G075,445,17.2561797752809,16.0,0.4134831460674157,15.965954452810822,2025-03-20,2025-09-22
G076,415,5.2,1.0,0.7301204819277108,10.628146024716886,2025-06-20,2025-09-22
G077,445,8.193258426966292,0.0,0.7078651685393258,13.099186737640226,2025-03-20,2025-09-22
G078,485,14.962886597938144,3.0,0.5072164948453608,15.508684048188442,2025-03-20,2025-10-31
G079,465,18.258064516129032,15.0,0.3720430107526882,16.571230279311393,2025-03-25,2025-10-31
G080,485,9.616494845360824,3.0,0.6783505154639176,14.274367887846989,2025-03-20,2025-10-31
G081,460,19.908695652173915,14.0,0.26521739130434785,17.713414855219096,2025-03-25,2026-02-28
G082,55,12.854545454545455,12.0,0.43636363636363634,14.059948608802056,2025-03-25,2025-08-20
G083,470,15.227659574468085,3.0,0.6106382978723405,18.101387077429568,2025-03-25,2025-10-31
G084,475,14.414736842105263,6.0,0.4884210526315789,15.884159827392915,2025-03-25,2025-10-31
G085,350,15.728571428571428,3.0,0.5485714285714286,16.918751934104865,2025-03-25,2026-02-28
G086,355,15.608450704225351,14.0,0.48169014084507045,15.883631791638114,2025-05-25,2026-02-28
G087,480,19.070833333333333,15.0,0.38333333333333336,16.43241308273506,2025-03-20,2025-09-30
G088,395,12.858227848101265,3.0,0.5645569620253165,14.509235703832742,2025-03-25,2025-10-31
G089,370,25.07027027027027,33.0,0.27837837837837837,16.430536460567584,2025-03-20,2025-10-31
G090,485,23.404123711340205,27.0,0.17938144329896907,14.102545909930189,2025-03-20,2025-10-31
G091,485,21.472164948453607,24.0,0.27422680412371137,16.13622754275543,2025-03-20,2025-10-31
G092,485,18.760824742268042,19.0,0.3670103092783505,16.014601786893582,2025-03-20,2025-10-31
G093,485,17.513402061855672,20.0,0.47216494845360824,15.992066918042596,2025-03-20,2025-10-31
G094,30,23.466666666666665,29.0,0.26666666666666666,17.859090862549014,2025-03-25,2025-07-31
G095,405,12.498765432098766,3.0,0.5604938271604938,14.568313759622358,2025-03-20,2025-10-31
G096,240,4.15,2.0,0.7833333333333333,7.814427168163204,2025-05-25,2025-10-31
G097,465,10.976344086021506,3.0,0.6021505376344086,14.65043395445211,2025-05-20,2025-10-31
G098,360,14.022222222222222,14.0,0.3611111111111111,13.25261546921936,2025-03-25,2026-02-28
G099,335,15.964179104477612,13.0,0.34626865671641793,14.260154502490197,2025-03-25,2026-02-28
G100,770,15.7,6.0,0.4779220779220779,15.627228579691424,2025-07-20,2026-02-28
G101,360,17.116666666666667,14.0,0.35,15.319176178057788,2025-03-25,2026-02-28
G102,335,19.719402985074627,17.0,0.42388059701492536,17.944327067182073,2025-03-20,2026-02-28
G103,335,18.04776119402985,25.0,0.41492537313432837,16.417570898104813,2025-03-20,2026-02-28
G104,370,9.921621621621622,3.0,0.5432432432432432,12.486602796426945,2025-03-25,2026-02-28
G105,800,8.9625,0.0,0.7125,15.524411516742799,2025-03-20,2026-02-28
G106,335,14.764179104477613,3.0,0.5701492537313433,17.427898529468617,2025-03-20,2026-02-28
G107,360,17.119444444444444,5.0,0.49166666666666664,18.579938254474385,2025-05-25,2026-02-28
G108,355,20.140845070422536,21.0,0.3352112676056338,15.639562840358131,2025-03-25,2026-02-28
G109,705,12.622695035460993,3.0,0.5460992907801419,15.346547809142123,2025-03-25,2026-02-28
G110,720,11.731944444444444,2.5,0.6041666666666666,15.185238480249671,2025-03-25,2026-02-28
G111,335,17.04179104477612,16.0,0.2746268656716418,13.837964671281403,2025-06-20,2026-02-28
