split,WELL_GROUP_NAME,WELL_NAME,首日,末日,跨度天数,有记录天数,INJ_VOL_DAILY_有效天数,INJ_VOL_DAILY_跨度覆盖率,INJ_LIQ_DAILY_有效天数,INJ_LIQ_DAILY_跨度覆盖率,WH_TEMP_有效天数,WH_TEMP_跨度覆盖率,STEAM_INJ_PRES_有效天数,STEAM_INJ_PRES_跨度覆盖率
train,G001,W025,2025-03-01,2025-09-24,208,208,23,0.11057692307692307,0,0.0,208,1.0,208,1.0
train,G002,W227,2025-03-01,2025-09-24,208,208,148,0.7115384615384616,0,0.0,208,1.0,208,1.0
train,G002,W232,2025-03-01,2025-09-24,208,208,23,0.11057692307692307,0,0.0,0,0.0,208,1.0
train,G003,W228,2025-03-01,2025-09-24,208,208,2,0.009615384615384616,0,0.0,208,1.0,208,1.0
train,G003,W233,2025-03-01,2025-09-24,208,208,148,0.7115384615384616,0,0.0,208,1.0,208,1.0
train,G004,W229,2025-03-01,2025-09-24,208,208,175,0.8413461538461539,0,0.0,208,1.0,208,1.0
train,G004,W234,2025-03-01,2025-09-24,208,208,30,0.14423076923076922,0,0.0,208,1.0,208,1.0
train,G005,W147,2025-03-01,2025-09-24,208,208,148,0.7115384615384616,0,0.0,208,1.0,208,1.0
train,G005,W148,2025-03-01,2025-09-24,208,208,43,0.20673076923076922,0,0.0,0,0.0,208,1.0
train,G005,W230,2025-03-01,2025-09-24,208,208,29,0.13942307692307693,0,0.0,208,1.0,208,1.0
train,G005,W231,2025-03-01,2025-09-24,208,208,191,0.9182692307692307,0,0.0,0,0.0,208,1.0
train,G006,W026,2025-03-01,2025-09-24,208,208,1,0.004807692307692308,0,0.0,0,0.0,208,1.0
train,G006,W027,2025-03-01,2025-09-24,208,208,0,0.0,0,0.0,0,0.0,208,1.0
train,G006,W028,2025-03-01,2025-09-24,208,208,0,0.0,0,0.0,208,1.0,208,1.0
train,G007,W149,2025-03-01,2025-09-24,208,208,148,0.7115384615384616,0,0.0,208,1.0,208,1.0
train,G007,W235,2025-03-01,2025-09-24,208,208,52,0.25,0,0.0,208,1.0,208,1.0
train,G007,W236,2025-03-01,2025-09-24,208,208,50,0.2403846153846154,0,0.0,208,1.0,208,1.0
train,G007,W237,2025-03-01,2025-09-24,208,208,152,0.7307692307692307,0,0.0,0,0.0,0,0.0
train,G008,W150,2025-03-01,2025-09-24,208,208,23,0.11057692307692307,0,0.0,0,0.0,208,1.0
train,G008,W238,2025-03-01,2025-09-24,208,208,18,0.08653846153846154,0,0.0,208,1.0,208,1.0
train,G009,W151,2025-03-01,2025-09-24,208,208,142,0.6826923076923077,0,0.0,208,1.0,208,1.0
train,G009,W239,2025-03-01,2025-09-24,208,208,18,0.08653846153846154,0,0.0,208,1.0,208,1.0
train,G010,W039,2025-03-01,2025-09-24,208,163,140,0.6730769230769231,0,0.0,163,0.7836538461538461,163,0.7836538461538461
train,G010,W088,2025-03-01,2025-09-24,208,208,2,0.009615384615384616,0,0.0,208,1.0,208,1.0
train,G010,W225,2025-05-30,2025-09-24,118,118,118,1.0,0,0.0,118,1.0,118,1.0
train,G011,W170,2025-03-01,2025-09-24,208,208,184,0.8846153846153846,0,0.0,208,1.0,208,1.0
train,G011,W172,2025-03-01,2025-09-24,208,162,142,0.6826923076923077,0,0.0,162,0.7788461538461539,162,0.7788461538461539
train,G011,W173,2025-03-01,2025-03-07,7,7,0,0.0,0,0.0,7,1.0,7,1.0
train,G011,W174,2025-03-01,2025-09-24,208,208,175,0.8413461538461539,0,0.0,208,1.0,208,1.0
train,G011,W251,2026-01-08,2026-01-22,15,15,14,0.9333333333333333,0,0.0,14,0.9333333333333333,15,1.0
train,G012,W042,2025-03-01,2025-03-12,12,12,0,0.0,0,0.0,12,1.0,12,1.0
train,G012,W089,2025-03-01,2025-09-24,208,208,175,0.8413461538461539,0,0.0,208,1.0,208,1.0
train,G012,W171,2025-03-01,2025-03-07,7,7,0,0.0,0,0.0,7,1.0,7,1.0
train,G012,W226,2025-05-30,2025-09-24,118,118,118,1.0,0,0.0,118,1.0,118,1.0
train,G012,W252,2026-01-08,2026-01-22,15,15,14,0.9333333333333333,0,0.0,14,0.9333333333333333,15,1.0
train,G013,W076,2025-03-01,2025-09-24,208,208,151,0.7259615384615384,0,0.0,208,1.0,208,1.0
train,G013,W119,2025-03-01,2025-09-24,208,208,155,0.7451923076923077,0,0.0,208,1.0,208,1.0
train,G013,W120,2025-03-01,2025-09-24,208,208,155,0.7451923076923077,0,0.0,208,1.0,208,1.0
train,G014,W045,2025-03-01,2025-03-07,7,7,0,0.0,0,0.0,7,1.0,7,1.0
train,G014,W128,2025-03-01,2025-09-24,208,208,137,0.6586538461538461,0,0.0,208,1.0,208,1.0
train,G014,W130,2025-04-22,2025-09-24,156,156,41,0.26282051282051283,0,0.0,0,0.0,156,1.0
train,G015,W024,2025-07-22,2025-08-04,14,14,13,0.9285714285714286,0,0.0,14,1.0,14,1.0
train,G016,W080,2025-03-01,2025-09-24,208,208,117,0.5625,0,0.0,208,1.0,208,1.0
train,G016,W121,2025-03-01,2025-09-24,208,208,103,0.4951923076923077,0,0.0,208,1.0,208,1.0
train,G016,W122,2025-03-01,2025-09-24,208,208,119,0.5721153846153846,0,0.0,208,1.0,208,1.0
train,G016,W123,2025-03-01,2025-09-24,208,208,56,0.2692307692307692,0,0.0,208,1.0,208,1.0
train,G017,W046,2025-03-01,2025-09-24,208,208,0,0.0,0,0.0,208,1.0,208,1.0
train,G017,W047,2025-04-05,2025-09-24,173,173,139,0.8034682080924855,0,0.0,0,0.0,173,1.0
train,G017,W048,2025-03-01,2025-09-24,208,208,37,0.1778846153846154,0,0.0,208,1.0,208,1.0
train,G017,W131,2025-03-01,2025-09-24,208,208,155,0.7451923076923077,0,0.0,208,1.0,208,1.0
train,G017,W132,2025-04-27,2025-09-24,151,151,35,0.23178807947019867,0,0.0,151,1.0,151,1.0
train,G017,W133,2025-03-01,2025-09-24,208,208,2,0.009615384615384616,0,0.0,208,1.0,208,1.0
train,G018,W055,2025-03-01,2025-09-24,208,208,118,0.5673076923076923,0,0.0,208,1.0,208,1.0
train,G018,W139,2025-03-01,2025-03-05,5,5,1,0.2,0,0.0,0,0.0,5,1.0
train,G018,W140,2025-03-01,2025-08-01,154,154,107,0.6948051948051948,0,0.0,0,0.0,154,1.0
train,G018,W141,2025-03-01,2025-09-24,208,208,53,0.2548076923076923,0,0.0,208,1.0,208,1.0
train,G019,W078,2025-03-01,2025-09-24,208,130,119,0.5721153846153846,0,0.0,130,0.625,130,0.625
train,G019,W125,2025-03-01,2025-09-24,208,153,119,0.5721153846153846,0,0.0,153,0.7355769230769231,153,0.7355769230769231
train,G019,W126,2025-03-01,2025-09-24,208,208,21,0.10096153846153846,0,0.0,208,1.0,208,1.0
train,G020,W049,2025-03-01,2025-09-24,208,208,0,0.0,0,0.0,208,1.0,208,1.0
train,G020,W051,2025-03-01,2025-09-24,208,208,131,0.6298076923076923,0,0.0,208,1.0,208,1.0
train,G020,W136,2025-03-01,2025-09-24,208,208,21,0.10096153846153846,0,0.0,0,0.0,208,1.0
train,G021,W057,2025-03-01,2025-09-24,208,208,168,0.8076923076923077,0,0.0,208,1.0,208,1.0
train,G021,W143,2025-03-01,2025-03-12,12,12,1,0.08333333333333333,0,0.0,12,1.0,12,1.0
train,G021,W144,2025-03-01,2025-09-24,208,208,131,0.6298076923076923,0,0.0,208,1.0,208,1.0
train,G022,W058,2025-06-06,2025-06-19,14,14,13,0.9285714285714286,0,0.0,14,1.0,14,1.0
train,G022,W060,2025-03-01,2025-09-24,208,208,105,0.5048076923076923,0,0.0,208,1.0,208,1.0
train,G022,W146,2025-03-01,2025-09-24,208,208,125,0.6009615384615384,0,0.0,0,0.0,208,1.0
train,G023,W293,2025-03-01,2026-02-28,365,365,50,0.136986301369863,0,0.0,0,0.0,365,1.0
train,G024,W293,2025-03-01,2026-02-28,365,365,50,0.136986301369863,0,0.0,0,0.0,365,1.0
train,G025,W294,2025-03-01,2026-02-28,365,365,105,0.2876712328767123,0,0.0,365,1.0,365,1.0
train,G026,W294,2025-03-01,2026-02-28,365,365,105,0.2876712328767123,0,0.0,365,1.0,365,1.0
train,G027,W284,2025-03-01,2026-02-28,365,365,27,0.07397260273972603,0,0.0,0,0.0,365,1.0
train,G027,W285,2025-03-01,2026-02-28,365,365,349,0.9561643835616438,0,0.0,365,1.0,365,1.0
train,G028,W285,2025-03-01,2026-02-28,365,365,349,0.9561643835616438,0,0.0,365,1.0,365,1.0
train,G028,W286,2025-03-01,2026-02-28,365,365,354,0.9698630136986301,0,0.0,365,1.0,365,1.0
train,G029,W286,2025-03-01,2026-02-28,365,365,354,0.9698630136986301,0,0.0,365,1.0,365,1.0
train,G030,W295,2025-03-01,2026-02-28,365,365,267,0.7315068493150685,0,0.0,321,0.8794520547945206,365,1.0
train,G031,W295,2025-03-01,2026-02-28,365,365,267,0.7315068493150685,0,0.0,321,0.8794520547945206,365,1.0
train,G032,W296,2025-03-01,2026-02-28,365,365,321,0.8794520547945206,0,0.0,365,1.0,365,1.0
train,G033,W296,2025-03-01,2026-02-28,365,365,321,0.8794520547945206,0,0.0,365,1.0,365,1.0
train,G034,W061,2025-03-01,2025-09-24,208,208,138,0.6634615384615384,0,0.0,208,1.0,208,1.0
train,G034,W104,2025-03-01,2025-09-24,208,208,0,0.0,0,0.0,208,1.0,208,1.0
train,G034,W106,2025-03-01,2025-09-24,208,208,0,0.0,0,0.0,208,1.0,208,1.0
train,G034,W275,2025-03-01,2025-03-08,8,8,7,0.875,0,0.0,8,1.0,8,1.0
train,G035,W111,2025-03-01,2025-09-24,208,208,43,0.20673076923076922,0,0.0,208,1.0,208,1.0
train,G035,W112,2025-03-01,2025-09-24,208,208,208,1.0,0,0.0,208,1.0,208,1.0
train,G036,W090,2025-03-01,2025-09-24,208,208,0,0.0,0,0.0,0,0.0,0,0.0
train,G036,W091,2025-03-01,2025-09-24,208,208,0,0.0,0,0.0,0,0.0,0,0.0
train,G036,W092,2025-03-01,2025-09-24,208,208,2,0.009615384615384616,0,0.0,208,1.0,208,1.0
train,G036,W093,2025-03-01,2025-09-24,208,208,87,0.4182692307692308,0,0.0,208,1.0,208,1.0
train,G037,W094,2025-03-01,2025-09-24,208,208,1,0.004807692307692308,0,0.0,208,1.0,208,1.0
train,G037,W095,2025-03-01,2025-09-24,208,208,168,0.8076923076923077,0,0.0,208,1.0,208,1.0
train,G037,W096,2025-03-01,2025-09-24,208,208,6,0.028846153846153848,0,0.0,0,0.0,208,1.0
train,G038,W097,2025-03-01,2025-09-24,208,208,0,0.0,0,0.0,208,1.0,208,1.0
train,G038,W098,2025-03-01,2025-09-24,208,208,207,0.9951923076923077,0,0.0,208,1.0,208,1.0
train,G038,W099,2025-03-01,2025-09-24,208,208,79,0.3798076923076923,0,0.0,208,1.0,208,1.0
train,G038,W100,2025-03-01,2025-09-24,208,208,1,0.004807692307692308,0,0.0,208,1.0,208,1.0
train,G039,W101,2025-03-01,2025-09-24,208,208,4,0.019230769230769232,0,0.0,208,1.0,208,1.0
train,G039,W102,2025-03-01,2025-09-24,208,208,113,0.5432692307692307,0,0.0,208,1.0,208,1.0
train,G039,W103,2025-03-01,2025-09-24,208,208,126,0.6057692307692307,0,0.0,0,0.0,208,1.0
train,G040,W107,2025-03-01,2025-09-24,208,208,1,0.004807692307692308,0,0.0,0,0.0,208,1.0
train,G040,W108,2025-03-01,2025-09-24,208,208,44,0.21153846153846154,0,0.0,0,0.0,208,1.0
train,G040,W109,2025-03-01,2025-09-24,208,208,148,0.7115384615384616,0,0.0,0,0.0,208,1.0
train,G040,W110,2025-03-01,2025-09-24,208,208,0,0.0,0,0.0,208,1.0,208,1.0
train,G041,W113,2025-03-01,2025-09-24,208,208,74,0.3557692307692308,0,0.0,208,1.0,208,1.0
train,G041,W114,2025-03-01,2025-09-24,208,208,204,0.9807692307692307,0,0.0,208,1.0,208,1.0
train,G041,W115,2025-03-01,2025-09-24,208,208,201,0.9663461538461539,0,0.0,0,0.0,208,1.0
train,G041,W116,2025-03-01,2025-09-24,208,208,0,0.0,0,0.0,208,1.0,208,1.0
train,G042,W267,2025-03-01,2026-01-27,333,40,37,0.1111111111111111,0,0.0,39,0.11711711711711711,40,0.12012012012012012
train,G042,W283,2025-05-14,2026-01-27,259,46,43,0.16602316602316602,0,0.0,45,0.17374517374517376,46,0.1776061776061776
train,G043,W001,2025-03-01,2025-09-24,208,208,0,0.0,0,0.0,0,0.0,208,1.0
train,G043,W009,2025-03-01,2025-09-24,208,208,4,0.019230769230769232,0,0.0,208,1.0,208,1.0
train,G043,W287,2025-11-04,2025-11-20,17,17,16,0.9411764705882353,0,0.0,17,1.0,17,1.0
train,G044,W002,2025-03-01,2025-09-24,208,208,0,0.0,0,0.0,0,0.0,208,1.0
train,G044,W010,2025-03-01,2025-09-24,208,208,0,0.0,0,0.0,208,1.0,208,1.0
train,G044,W011,2025-03-01,2025-09-24,208,208,84,0.40384615384615385,0,0.0,208,1.0,208,1.0
train,G044,W240,2025-03-01,2025-09-24,208,208,0,0.0,0,0.0,208,1.0,208,1.0
train,G045,W003,2025-03-01,2025-09-24,208,208,84,0.40384615384615385,0,0.0,208,1.0,208,1.0
train,G045,W012,2025-03-01,2025-09-24,208,208,0,0.0,0,0.0,0,0.0,208,1.0
train,G045,W013,2025-03-01,2025-09-24,208,208,46,0.22115384615384615,0,0.0,208,1.0,208,1.0
train,G045,W014,2025-03-01,2025-09-24,208,208,0,0.0,0,0.0,208,1.0,208,1.0
train,G046,W004,2025-03-01,2025-09-24,208,208,85,0.40865384615384615,0,0.0,208,1.0,208,1.0
train,G046,W015,2025-03-01,2025-09-24,208,208,0,0.0,0,0.0,208,1.0,208,1.0
train,G046,W016,2025-03-01,2025-09-24,208,208,0,0.0,0,0.0,208,1.0,208,1.0
train,G046,W017,2025-03-01,2025-09-24,208,208,208,1.0,0,0.0,0,0.0,208,1.0
train,G047,W019,2025-03-01,2025-09-24,208,208,0,0.0,0,0.0,0,0.0,0,0.0
train,G047,W020,2025-03-01,2025-08-01,154,18,16,0.1038961038961039,0,0.0,18,0.11688311688311688,18,0.11688311688311688
train,G048,W021,2025-03-01,2025-09-24,208,208,0,0.0,0,0.0,0,0.0,208,1.0
train,G048,W022,2025-03-01,2025-09-24,208,208,50,0.2403846153846154,0,0.0,0,0.0,208,1.0
train,G048,W023,2025-03-01,2025-09-24,208,208,108,0.5192307692307693,0,0.0,208,1.0,208,1.0
train,G050,W082,2025-03-01,2025-09-24,208,208,29,0.13942307692307693,0,0.0,208,1.0,208,1.0
train,G050,W181,2025-03-01,2025-09-24,208,208,32,0.15384615384615385,0,0.0,208,1.0,208,1.0
train,G050,W186,2025-05-21,2025-09-24,127,127,29,0.2283464566929134,0,0.0,127,1.0,127,1.0
train,G051,W345,2025-03-01,2025-12-04,279,108,14,0.05017921146953405,0,0.0,108,0.3870967741935484,108,0.3870967741935484
train,G053,W348,2025-03-01,2026-02-28,365,365,186,0.5095890410958904,0,0.0,365,1.0,365,1.0
train,G054,W348,2025-03-01,2026-02-28,365,365,186,0.5095890410958904,0,0.0,365,1.0,365,1.0
train,G054,W349,2025-03-01,2026-02-28,365,365,190,0.5205479452054794,0,0.0,54,0.14794520547945206,365,1.0
train,G055,W303,2026-02-03,2026-02-15,13,13,12,0.9230769230769231,0,0.0,11,0.8461538461538461,13,1.0
train,G055,W349,2025-03-01,2026-02-28,365,365,190,0.5205479452054794,0,0.0,54,0.14794520547945206,365,1.0
train,G055,W350,2025-03-22,2026-02-28,344,344,211,0.6133720930232558,0,0.0,290,0.8430232558139535,344,1.0
train,G056,W350,2025-03-22,2026-02-28,344,344,211,0.6133720930232558,0,0.0,290,0.8430232558139535,344,1.0
train,G056,W351,2026-01-14,2026-02-28,46,46,46,1.0,0,0.0,46,1.0,46,1.0
train,G057,W351,2026-01-14,2026-02-28,46,46,46,1.0,0,0.0,46,1.0,46,1.0
train,G058,W062,2025-03-01,2025-09-24,208,208,82,0.3942307692307692,0,0.0,0,0.0,208,1.0
train,G059,W211,2025-03-01,2025-09-24,208,208,110,0.5288461538461539,0,0.0,208,1.0,208,1.0
train,G059,W212,2025-03-01,2025-09-24,208,208,173,0.8317307692307693,0,0.0,208,1.0,208,1.0
train,G060,W213,2025-03-01,2025-09-24,208,208,169,0.8125,0,0.0,208,1.0,208,1.0
train,G060,W214,2025-03-01,2025-09-24,208,208,110,0.5288461538461539,0,0.0,0,0.0,208,1.0
train,G061,W215,2025-03-01,2025-09-24,208,208,31,0.14903846153846154,0,0.0,0,0.0,208,1.0
train,G061,W216,2025-03-01,2025-09-24,208,208,0,0.0,0,0.0,208,1.0,208,1.0
train,G062,W218,2025-03-01,2025-09-24,208,208,15,0.07211538461538461,0,0.0,208,1.0,208,1.0
train,G062,W219,2025-03-01,2025-09-24,208,208,46,0.22115384615384615,0,0.0,208,1.0,208,1.0
train,G063,W217,2025-03-01,2025-09-24,208,208,15,0.07211538461538461,0,0.0,208,1.0,208,1.0
train,G063,W221,2025-03-01,2025-09-24,208,208,190,0.9134615384615384,0,0.0,208,1.0,208,1.0
train,G064,W335,2025-03-01,2026-02-28,365,365,108,0.2958904109589041,0,0.0,311,0.852054794520548,365,1.0
train,G064,W336,2025-03-01,2026-02-28,365,365,86,0.2356164383561644,0,0.0,311,0.852054794520548,365,1.0
train,G065,W031,2025-03-01,2025-09-24,208,208,65,0.3125,0,0.0,208,1.0,208,1.0
train,G065,W085,2025-03-01,2025-09-24,208,208,29,0.13942307692307693,0,0.0,208,1.0,208,1.0
train,G065,W182,2025-03-01,2025-09-24,208,208,110,0.5288461538461539,0,0.0,208,1.0,208,1.0
train,G065,W187,2025-03-01,2025-09-24,208,208,29,0.13942307692307693,0,0.0,208,1.0,208,1.0
train,G065,W194,2025-03-01,2025-09-24,208,208,110,0.5288461538461539,0,0.0,0,0.0,208,1.0
train,G066,W087,2025-03-01,2025-09-24,208,208,0,0.0,0,0.0,208,1.0,208,1.0
train,G066,W198,2025-03-01,2025-09-24,208,208,157,0.7548076923076923,0,0.0,208,1.0,208,1.0
train,G066,W201,2025-03-01,2025-09-24,208,208,0,0.0,0,0.0,208,1.0,208,1.0
train,G067,W315,2025-04-15,2025-04-25,11,11,10,0.9090909090909091,0,0.0,11,1.0,11,1.0
train,G067,W345,2025-03-01,2025-12-04,279,108,14,0.05017921146953405,0,0.0,108,0.3870967741935484,108,0.3870967741935484
train,G068,W007,2025-03-01,2025-09-24,208,208,1,0.004807692307692308,0,0.0,208,1.0,208,1.0
train,G069,W081,2025-03-01,2025-09-24,208,208,91,0.4375,0,0.0,0,0.0,208,1.0
train,G069,W176,2025-03-01,2025-09-24,208,208,0,0.0,0,0.0,208,1.0,208,1.0
train,G069,W177,2025-05-24,2025-09-24,124,124,18,0.14516129032258066,0,0.0,0,0.0,124,1.0
train,G070,W183,2025-03-01,2025-09-24,208,208,101,0.4855769230769231,0,0.0,208,1.0,208,1.0
train,G070,W184,2025-05-24,2025-09-24,124,124,18,0.14516129032258066,0,0.0,124,1.0,124,1.0
train,G070,W185,2025-03-01,2025-09-24,208,208,75,0.3605769230769231,0,0.0,208,1.0,208,1.0
train,G071,W188,2025-03-01,2025-09-24,208,208,1,0.004807692307692308,0,0.0,208,1.0,208,1.0
train,G071,W189,2025-03-01,2025-09-24,208,208,91,0.4375,0,0.0,208,1.0,208,1.0
train,G071,W190,2025-03-01,2025-09-24,208,208,6,0.028846153846153848,0,0.0,208,1.0,208,1.0
train,G072,W029,2025-03-01,2025-09-24,208,208,0,0.0,0,0.0,208,1.0,208,1.0
train,G072,W195,2025-03-01,2025-09-24,208,208,85,0.40865384615384615,0,0.0,208,1.0,208,1.0
train,G072,W196,2025-06-09,2025-09-24,108,108,17,0.1574074074074074,0,0.0,108,1.0,108,1.0
train,G072,W197,2025-03-01,2025-09-24,208,208,19,0.09134615384615384,0,0.0,208,1.0,208,1.0
train,G074,W178,2025-03-01,2025-09-24,208,208,37,0.1778846153846154,0,0.0,0,0.0,0,0.0
train,G074,W179,2025-03-01,2025-09-24,208,208,84,0.40384615384615385,0,0.0,208,1.0,208,1.0
train,G075,W067,2025-03-01,2025-09-24,208,208,117,0.5625,0,0.0,208,1.0,208,1.0
train,G075,W084,2025-03-01,2025-09-24,208,208,15,0.07211538461538461,0,0.0,208,1.0,208,1.0
train,G076,W191,2025-09-01,2025-09-24,24,24,1,0.041666666666666664,0,0.0,24,1.0,24,1.0
train,G076,W192,2025-03-01,2025-09-24,208,208,15,0.07211538461538461,0,0.0,208,1.0,208,1.0
train,G076,W193,2025-06-10,2025-09-24,107,107,17,0.1588785046728972,0,0.0,107,1.0,107,1.0
train,G077,W069,2025-03-01,2025-09-24,208,208,24,0.11538461538461539,0,0.0,0,0.0,208,1.0
train,G077,W070,2025-03-01,2025-09-24,208,208,111,0.5336538461538461,0,0.0,0,0.0,208,1.0
train,G077,W071,2025-03-01,2025-09-24,208,208,16,0.07692307692307693,0,0.0,0,0.0,208,1.0
train,G078,W030,2025-03-01,2025-09-24,208,208,128,0.6153846153846154,0,0.0,208,1.0,208,1.0
train,G078,W072,2025-06-09,2025-09-24,108,108,29,0.26851851851851855,0,0.0,108,1.0,108,1.0
train,G079,W074,2025-03-01,2025-09-24,208,208,27,0.12980769230769232,0,0.0,208,1.0,208,1.0
train,G079,W075,2025-03-01,2025-09-24,208,208,6,0.028846153846153848,0,0.0,208,1.0,208,1.0
train,G079,W338,2025-03-01,2026-02-28,365,365,286,0.7835616438356164,0,0.0,360,0.9863013698630136,365,1.0
train,G080,W068,2025-03-01,2025-09-24,208,208,0,0.0,0,0.0,208,1.0,208,1.0
train,G080,W180,2025-03-01,2025-09-24,208,208,110,0.5288461538461539,0,0.0,208,1.0,208,1.0
train,G080,W334,2025-03-01,2026-02-28,365,365,291,0.7972602739726027,0,0.0,365,1.0,365,1.0
train,G081,W334,2025-03-01,2026-02-28,365,365,291,0.7972602739726027,0,0.0,365,1.0,365,1.0
train,G081,W335,2025-03-01,2026-02-28,365,365,108,0.2958904109589041,0,0.0,311,0.852054794520548,365,1.0
train,G082,W336,2025-03-01,2026-02-28,365,365,86,0.2356164383561644,0,0.0,311,0.852054794520548,365,1.0
train,G083,W073,2025-03-01,2025-09-24,208,208,28,0.1346153846153846,0,0.0,0,0.0,208,1.0
train,G083,W086,2025-09-01,2025-09-24,24,24,1,0.041666666666666664,0,0.0,0,0.0,0,0.0
train,G083,W199,2025-09-01,2025-09-24,24,24,1,0.041666666666666664,0,0.0,24,1.0,24,1.0
train,G084,W204,2025-03-01,2025-09-24,208,208,152,0.7307692307692307,0,0.0,0,0.0,208,1.0
train,G084,W337,2025-03-01,2026-02-28,365,365,288,0.7890410958904109,0,0.0,327,0.8958904109589041,365,1.0
train,G085,W337,2025-03-01,2026-02-28,365,365,288,0.7890410958904109,0,0.0,327,0.8958904109589041,365,1.0
train,G086,W338,2025-03-01,2026-02-28,365,365,286,0.7835616438356164,0,0.0,360,0.9863013698630136,365,1.0
train,G087,W066,2025-03-01,2025-09-24,208,208,6,0.028846153846153848,0,0.0,208,1.0,208,1.0
train,G087,W205,2025-03-01,2025-09-24,208,208,0,0.0,0,0.0,208,1.0,208,1.0
train,G087,W206,2025-03-01,2025-09-24,208,208,155,0.7451923076923077,0,0.0,0,0.0,208,1.0
train,G088,W065,2025-07-16,2025-07-28,13,13,12,0.9230769230769231,0,0.0,13,1.0,13,1.0
train,G089,W033,2025-03-01,2025-09-24,208,208,207,0.9951923076923077,0,0.0,208,1.0,208,1.0
train,G090,W208,2025-03-01,2025-09-24,208,208,205,0.9855769230769231,0,0.0,208,1.0,208,1.0
train,G090,W209,2025-03-01,2025-09-24,208,208,116,0.5576923076923077,0,0.0,208,1.0,208,1.0
train,G090,W210,2025-03-01,2025-09-24,208,208,0,0.0,0,0.0,208,1.0,208,1.0
train,G091,W038,2025-09-01,2025-09-24,24,24,1,0.041666666666666664,0,0.0,24,1.0,24,1.0
train,G091,W220,2025-03-01,2025-09-24,208,208,123,0.5913461538461539,0,0.0,208,1.0,208,1.0
train,G092,W037,2025-04-07,2025-04-21,15,15,14,0.9333333333333333,0,0.0,0,0.0,0,0.0
train,G092,W222,2025-03-01,2025-09-24,208,208,85,0.40865384615384615,0,0.0,208,1.0,208,1.0
train,G092,W223,2025-03-01,2025-09-24,208,208,102,0.49038461538461536,0,0.0,208,1.0,208,1.0
train,G093,W035,2025-03-01,2025-09-24,208,208,83,0.39903846153846156,0,0.0,208,1.0,208,1.0
train,G093,W036,2025-03-01,2025-09-24,208,208,0,0.0,0,0.0,0,0.0,208,1.0
train,G093,W224,2025-03-01,2025-09-24,208,208,166,0.7980769230769231,0,0.0,208,1.0,208,1.0
train,G094,W152,2025-03-01,2025-09-24,208,208,91,0.4375,0,0.0,208,1.0,208,1.0
train,G094,W153,2025-03-01,2025-09-24,208,208,11,0.052884615384615384,0,0.0,0,0.0,208,1.0
train,G094,W154,2025-03-01,2025-09-24,208,208,0,0.0,0,0.0,208,1.0,208,1.0
train,G094,W155,2025-03-01,2025-09-24,208,208,0,0.0,0,0.0,0,0.0,208,1.0
train,G095,W156,2025-03-01,2025-09-24,208,208,11,0.052884615384615384,0,0.0,0,0.0,208,1.0
train,G095,W157,2025-03-01,2025-09-24,208,208,63,0.30288461538461536,0,0.0,208,1.0,208,1.0
train,G095,W158,2025-03-01,2025-09-24,208,208,75,0.3605769230769231,0,0.0,208,1.0,208,1.0
train,G095,W159,2025-03-01,2025-09-24,208,208,63,0.30288461538461536,0,0.0,0,0.0,208,1.0
train,G096,W160,2025-03-01,2025-09-24,208,208,21,0.10096153846153846,0,0.0,208,1.0,208,1.0
train,G096,W161,2025-03-01,2025-09-24,208,208,51,0.24519230769230768,0,0.0,0,0.0,208,1.0
train,G096,W162,2025-03-01,2025-09-24,208,208,0,0.0,0,0.0,0,0.0,208,1.0
train,G096,W163,2025-03-01,2025-09-24,208,208,0,0.0,0,0.0,208,1.0,208,1.0
train,G097,W164,2025-03-01,2025-09-24,208,208,51,0.24519230769230768,0,0.0,208,1.0,208,1.0
train,G097,W165,2025-03-01,2025-09-24,208,208,0,0.0,0,0.0,0,0.0,208,1.0
train,G097,W166,2025-03-01,2025-09-24,208,208,0,0.0,0,0.0,208,1.0,208,1.0
train,G097,W167,2025-03-01,2025-09-24,208,208,102,0.49038461538461536,0,0.0,0,0.0,208,1.0
train,G097,W168,2025-03-01,2025-09-24,208,208,0,0.0,0,0.0,208,1.0,208,1.0
train,G097,W169,2025-03-01,2025-09-24,208,208,0,0.0,0,0.0,0,0.0,208,1.0
train,G098,W383,2025-03-01,2026-02-28,365,365,244,0.6684931506849315,0,0.0,363,0.9945205479452055,365,1.0
train,G099,W383,2025-03-01,2026-02-28,365,365,244,0.6684931506849315,0,0.0,363,0.9945205479452055,365,1.0
train,G099,W384,2025-03-01,2026-02-28,365,365,240,0.6575342465753424,0,0.0,363,0.9945205479452055,365,1.0
train,G100,W384,2025-03-01,2026-02-28,365,365,240,0.6575342465753424,0,0.0,363,0.9945205479452055,365,1.0
train,G101,W363,2025-03-01,2026-02-28,365,365,251,0.6876712328767123,0,0.0,345,0.9452054794520548,365,1.0
train,G102,W363,2025-03-01,2026-02-28,365,365,251,0.6876712328767123,0,0.0,345,0.9452054794520548,365,1.0
train,G102,W365,2025-03-01,2026-02-28,365,365,258,0.7068493150684931,0,0.0,334,0.915068493150685,365,1.0
train,G103,W365,2025-03-01,2026-02-28,365,365,258,0.7068493150684931,0,0.0,334,0.915068493150685,365,1.0
train,G104,W368,2025-03-01,2026-02-28,365,365,267,0.7315068493150685,0,0.0,346,0.947945205479452,365,1.0
train,G105,W368,2025-03-01,2026-02-28,365,365,267,0.7315068493150685,0,0.0,346,0.947945205479452,365,1.0
train,G105,W370,2025-03-01,2026-02-28,365,365,275,0.7534246575342466,0,0.0,351,0.9616438356164384,365,1.0
train,G106,W370,2025-03-01,2026-02-28,365,365,275,0.7534246575342466,0,0.0,351,0.9616438356164384,365,1.0
train,G107,W373,2025-03-01,2026-02-28,365,365,108,0.2958904109589041,0,0.0,34,0.09315068493150686,365,1.0
train,G108,W373,2025-03-01,2026-02-28,365,365,108,0.2958904109589041,0,0.0,34,0.09315068493150686,365,1.0
train,G108,W375,2025-03-01,2026-02-28,365,365,291,0.7972602739726027,0,0.0,345,0.9452054794520548,365,1.0
train,G109,W375,2025-03-01,2026-02-28,365,365,291,0.7972602739726027,0,0.0,345,0.9452054794520548,365,1.0
train,G109,W377,2025-03-01,2026-02-28,365,365,291,0.7972602739726027,0,0.0,345,0.9452054794520548,365,1.0
train,G110,W377,2025-03-01,2026-02-28,365,365,291,0.7972602739726027,0,0.0,345,0.9452054794520548,365,1.0
train,G110,W379,2025-03-01,2026-02-28,365,365,106,0.29041095890410956,0,0.0,34,0.09315068493150686,365,1.0
train,G111,W379,2025-03-01,2026-02-28,365,365,106,0.29041095890410956,0,0.0,34,0.09315068493150686,365,1.0
test,G023,W293,2026-03-01,2026-05-31,92,92,0,0.0,0,0.0,0,0.0,92,1.0
test,G024,W293,2026-03-01,2026-05-31,92,92,0,0.0,0,0.0,0,0.0,92,1.0
test,G025,W294,2026-03-01,2026-05-31,92,92,77,0.8369565217391305,0,0.0,78,0.8478260869565217,92,1.0
test,G026,W294,2026-03-01,2026-05-31,92,92,77,0.8369565217391305,0,0.0,78,0.8478260869565217,92,1.0
test,G027,W284,2026-03-01,2026-05-31,92,92,20,0.21739130434782608,0,0.0,12,0.13043478260869565,92,1.0
test,G027,W285,2026-03-01,2026-05-31,92,92,91,0.9891304347826086,0,0.0,90,0.9782608695652174,92,1.0
test,G028,W285,2026-03-01,2026-05-31,92,92,91,0.9891304347826086,0,0.0,90,0.9782608695652174,92,1.0
test,G028,W286,2026-03-01,2026-05-31,92,92,91,0.9891304347826086,0,0.0,90,0.9782608695652174,92,1.0
test,G029,W286,2026-03-01,2026-05-31,92,92,91,0.9891304347826086,0,0.0,90,0.9782608695652174,92,1.0
test,G030,W295,2026-03-01,2026-05-31,92,92,24,0.2608695652173913,0,0.0,12,0.13043478260869565,92,1.0
test,G031,W295,2026-03-01,2026-05-31,92,92,24,0.2608695652173913,0,0.0,12,0.13043478260869565,92,1.0
test,G032,W296,2026-03-01,2026-05-31,92,92,85,0.9239130434782609,0,0.0,90,0.9782608695652174,92,1.0
test,G033,W296,2026-03-01,2026-05-31,92,92,85,0.9239130434782609,0,0.0,90,0.9782608695652174,92,1.0
test,G035,W276,2026-05-26,2026-05-31,6,6,6,1.0,0,0.0,6,1.0,6,1.0
test,G041,W282,2026-03-20,2026-05-31,73,22,20,0.273972602739726,0,0.0,20,0.273972602739726,21,0.2876712328767123
test,G053,W348,2026-03-01,2026-05-31,92,92,70,0.7608695652173914,0,0.0,80,0.8695652173913043,92,1.0
test,G054,W302,2026-04-28,2026-05-10,13,13,12,0.9230769230769231,0,0.0,13,1.0,13,1.0
test,G054,W348,2026-03-01,2026-05-31,92,92,70,0.7608695652173914,0,0.0,80,0.8695652173913043,92,1.0
test,G054,W349,2026-03-01,2026-05-31,92,92,70,0.7608695652173914,0,0.0,80,0.8695652173913043,92,1.0
test,G055,W303,2026-04-28,2026-05-10,13,13,12,0.9230769230769231,0,0.0,13,1.0,13,1.0
test,G055,W349,2026-03-01,2026-05-31,92,92,70,0.7608695652173914,0,0.0,80,0.8695652173913043,92,1.0
test,G055,W350,2026-03-01,2026-04-11,42,42,0,0.0,0,0.0,0,0.0,42,1.0
test,G056,W350,2026-03-01,2026-04-11,42,42,0,0.0,0,0.0,0,0.0,42,1.0
test,G056,W351,2026-03-01,2026-05-31,92,92,84,0.9130434782608695,0,0.0,92,1.0,92,1.0
test,G057,W351,2026-03-01,2026-05-31,92,92,84,0.9130434782608695,0,0.0,92,1.0,92,1.0
test,G064,W335,2026-03-01,2026-04-10,41,41,0,0.0,0,0.0,0,0.0,41,1.0
test,G064,W336,2026-03-01,2026-04-09,40,40,0,0.0,0,0.0,0,0.0,40,1.0
test,G079,W338,2026-03-01,2026-04-09,40,40,0,0.0,0,0.0,0,0.0,40,1.0
test,G080,W334,2026-03-01,2026-05-31,92,92,84,0.9130434782608695,0,0.0,92,1.0,92,1.0
test,G081,W334,2026-03-01,2026-05-31,92,92,84,0.9130434782608695,0,0.0,92,1.0,92,1.0
test,G081,W335,2026-03-01,2026-04-10,41,41,0,0.0,0,0.0,0,0.0,41,1.0
test,G082,W336,2026-03-01,2026-04-09,40,40,0,0.0,0,0.0,0,0.0,40,1.0
test,G084,W337,2026-03-01,2026-05-31,92,92,84,0.9130434782608695,0,0.0,92,1.0,92,1.0
test,G085,W337,2026-03-01,2026-05-31,92,92,84,0.9130434782608695,0,0.0,92,1.0,92,1.0
test,G086,W338,2026-03-01,2026-04-09,40,40,0,0.0,0,0.0,0,0.0,40,1.0
test,G087,W340,2026-03-27,2026-04-05,10,10,9,0.9,0,0.0,8,0.8,10,1.0
test,G098,W383,2026-03-01,2026-05-31,92,92,15,0.16304347826086957,0,0.0,0,0.0,92,1.0
test,G099,W383,2026-03-01,2026-05-31,92,92,15,0.16304347826086957,0,0.0,0,0.0,92,1.0
test,G099,W384,2026-03-01,2026-05-31,92,92,15,0.16304347826086957,0,0.0,0,0.0,92,1.0
test,G100,W384,2026-03-01,2026-05-31,92,92,15,0.16304347826086957,0,0.0,0,0.0,92,1.0
test,G101,W363,2026-03-01,2026-05-31,92,92,13,0.14130434782608695,0,0.0,11,0.11956521739130435,92,1.0
test,G102,W363,2026-03-01,2026-05-31,92,92,13,0.14130434782608695,0,0.0,11,0.11956521739130435,92,1.0
test,G102,W365,2026-03-01,2026-05-31,92,92,12,0.13043478260869565,0,0.0,10,0.10869565217391304,92,1.0
test,G103,W365,2026-03-01,2026-05-31,92,92,12,0.13043478260869565,0,0.0,10,0.10869565217391304,92,1.0
test,G104,W368,2026-03-01,2026-05-31,92,92,16,0.17391304347826086,0,0.0,36,0.391304347826087,92,1.0
test,G105,W368,2026-03-01,2026-05-31,92,92,16,0.17391304347826086,0,0.0,36,0.391304347826087,92,1.0
test,G105,W370,2026-03-01,2026-05-31,92,92,16,0.17391304347826086,0,0.0,36,0.391304347826087,92,1.0
test,G106,W370,2026-03-01,2026-05-31,92,92,16,0.17391304347826086,0,0.0,36,0.391304347826087,92,1.0
test,G107,W373,2026-03-01,2026-05-31,92,92,12,0.13043478260869565,0,0.0,0,0.0,92,1.0
test,G108,W373,2026-03-01,2026-05-31,92,92,12,0.13043478260869565,0,0.0,0,0.0,92,1.0
test,G108,W375,2026-03-01,2026-05-31,92,92,37,0.40217391304347827,0,0.0,24,0.2608695652173913,92,1.0
test,G109,W375,2026-03-01,2026-05-31,92,92,37,0.40217391304347827,0,0.0,24,0.2608695652173913,92,1.0
test,G109,W377,2026-03-01,2026-05-31,92,92,25,0.2717391304347826,0,0.0,24,0.2608695652173913,92,1.0
test,G110,W377,2026-03-01,2026-05-31,92,92,25,0.2717391304347826,0,0.0,24,0.2608695652173913,92,1.0
test,G110,W379,2026-03-01,2026-05-31,92,92,12,0.13043478260869565,0,0.0,0,0.0,92,1.0
test,G111,W379,2026-03-01,2026-05-31,92,92,12,0.13043478260869565,0,0.0,0,0.0,92,1.0
test,G111,W381,2026-05-01,2026-05-31,31,31,12,0.3870967741935484,0,0.0,19,0.6129032258064516,31,1.0
test,G112,W381,2026-05-01,2026-05-31,31,31,12,0.3870967741935484,0,0.0,19,0.6129032258064516,31,1.0
