split,WELL_GROUP_NAME,LIQ_PROD_DAILY,OIL_PROD_DAILY,WATER_CUT,WH_TEMP,MAX_TUBING_PRES
train,G001,0.0027548209366391185,0.0027548209366391185,0.0027548209366391185,0.0027548209366391185,0.0
train,G002,0.07162534435261708,0.07162534435261708,0.07162534435261708,0.07162534435261708,0.005509641873278237
train,G003,0.005509641873278237,0.005509641873278237,0.005509641873278237,0.005509641873278237,0.0027548209366391185
train,G004,0.14600550964187328,0.14600550964187328,0.14600550964187328,0.14600550964187328,0.0
train,G005,0.06887052341597796,0.06887052341597796,0.06887052341597796,0.06887052341597796,0.0
train,G006,0.011019283746556474,0.011019283746556474,0.011019283746556474,0.011019283746556474,0.0027548209366391185
train,G007,0.011019283746556474,0.011019283746556474,0.011019283746556474,0.011019283746556474,0.011019283746556474
train,G008,0.0027548209366391185,0.0027548209366391185,0.0027548209366391185,0.0027548209366391185,0.0
train,G009,0.030303030303030304,0.030303030303030304,0.030303030303030304,0.030303030303030304,0.011019283746556474
train,G010,0.01652892561983471,0.01652892561983471,0.01652892561983471,0.01652892561983471,0.0027548209366391185
train,G011,0.03581267217630854,0.03581267217630854,0.03581267217630854,0.03581267217630854,0.0027548209366391185
train,G012,0.08264462809917356,0.08264462809917356,0.08264462809917356,0.08264462809917356,0.005509641873278237
train,G013,0.011019283746556474,0.011019283746556474,0.011019283746556474,0.011019283746556474,0.0027548209366391185
train,G014,0.0,0.0,0.0,0.0,0.0
train,G015,0.42699724517906334,0.42699724517906334,0.42699724517906334,0.42699724517906334,0.0
train,G016,0.0,0.0,0.0,0.0,0.0
train,G017,0.0,0.0,0.0,0.0,0.0
train,G018,0.0,0.0,0.0,0.0,0.0
train,G019,0.0,0.0,0.0,0.0,0.0
train,G020,0.0,0.0,0.0,0.0,0.0
train,G021,0.0,0.0,0.0,0.0,0.0
train,G022,0.0,0.0,0.0,0.0,0.0
train,G023,0.11570247933884298,0.11570247933884298,0.11570247933884298,0.11570247933884298,0.0
train,G024,0.1652892561983471,0.1652892561983471,0.1652892561983471,0.1652892561983471,0.0
train,G025,0.162534435261708,0.162534435261708,0.162534435261708,0.162534435261708,0.0
train,G026,0.256198347107438,0.256198347107438,0.256198347107438,0.256198347107438,0.0
train,G027,0.0,0.0,0.0,0.0,0.0
train,G028,0.0,0.0,0.0,0.0,0.0
train,G029,0.0,0.0,0.0,0.0,0.0
train,G030,0.3168044077134986,0.3168044077134986,0.3168044077134986,0.3168044077134986,0.0
train,G031,0.07988980716253444,0.07988980716253444,0.07988980716253444,0.07988980716253444,0.0
train,G032,0.0,0.0,0.0,0.0,0.0
train,G033,0.024793388429752067,0.024793388429752067,0.024793388429752067,0.024793388429752067,0.0
train,G034,0.06336088154269973,0.06336088154269973,0.06336088154269973,0.06336088154269973,0.0027548209366391185
train,G035,0.0,0.0,0.0,0.0,0.0
train,G036,0.0027548209366391185,0.0027548209366391185,0.0027548209366391185,0.0027548209366391185,0.0027548209366391185
train,G037,0.005509641873278237,0.005509641873278237,0.005509641873278237,0.005509641873278237,0.005509641873278237
train,G038,0.08264462809917356,0.08264462809917356,0.08264462809917356,0.08264462809917356,0.005509641873278237
train,G039,0.03305785123966942,0.03305785123966942,0.03305785123966942,0.03305785123966942,0.0027548209366391185
train,G040,0.06060606060606061,0.06060606060606061,0.06060606060606061,0.06060606060606061,0.008264462809917356
train,G041,0.0027548209366391185,0.0027548209366391185,0.0027548209366391185,0.0027548209366391185,0.0027548209366391185
train,G042,0.030303030303030304,0.030303030303030304,0.030303030303030304,0.030303030303030304,0.0
train,G043,0.07713498622589532,0.07713498622589532,0.07713498622589532,0.07713498622589532,0.0
train,G044,0.0,0.0,0.0,0.0,0.0
train,G045,0.0,0.0,0.0,0.0,0.0
train,G046,0.0,0.0,0.0,0.0,0.0
train,G047,0.005509641873278237,0.005509641873278237,0.005509641873278237,0.005509641873278237,0.0
train,G048,0.0,0.0,0.0,0.0,0.0
train,G049,0.05509641873278237,0.05509641873278237,0.05509641873278237,0.05509641873278237,0.0
train,G050,0.11570247933884298,0.11570247933884298,0.11570247933884298,0.11570247933884298,0.0
train,G051,0.0,0.0,0.0,0.0,0.0
train,G052,0.0,0.0,0.0,0.0,0.0
train,G053,0.0,0.0,0.0,0.0,0.0
train,G054,0.0440771349862259,0.0440771349862259,0.0440771349862259,0.0440771349862259,0.0
train,G055,0.046831955922865015,0.046831955922865015,0.046831955922865015,0.046831955922865015,0.0
train,G056,0.1184573002754821,0.1184573002754821,0.1184573002754821,0.1184573002754821,0.0
train,G057,0.0,0.0,0.0,0.0,0.0
train,G058,0.03856749311294766,0.03856749311294766,0.03856749311294766,0.03856749311294766,0.0
train,G059,0.09917355371900827,0.09917355371900827,0.09917355371900827,0.09917355371900827,0.0027548209366391185
train,G060,0.07988980716253444,0.07988980716253444,0.07988980716253444,0.07988980716253444,0.005509641873278237
train,G061,0.5757575757575758,0.5757575757575758,0.5757575757575758,0.5757575757575758,0.008264462809917356
train,G062,0.06060606060606061,0.06060606060606061,0.06060606060606061,0.06060606060606061,0.0
train,G063,0.12947658402203857,0.12947658402203857,0.12947658402203857,0.12947658402203857,0.0
train,G064,0.18732782369146006,0.18732782369146006,0.18732782369146006,0.18732782369146006,0.0
train,G065,0.19559228650137742,0.19559228650137742,0.19559228650137742,0.19559228650137742,0.0027548209366391185
train,G066,0.0,0.0,0.0,0.0,0.0
train,G067,0.024793388429752067,0.024793388429752067,0.024793388429752067,0.024793388429752067,0.0
train,G068,0.03305785123966942,0.03305785123966942,0.03305785123966942,0.03305785123966942,0.0
train,G069,0.15151515151515152,0.15151515151515152,0.15151515151515152,0.15151515151515152,0.0
train,G070,0.09641873278236915,0.09641873278236915,0.09641873278236915,0.09641873278236915,0.0
train,G071,0.08264462809917356,0.08264462809917356,0.08264462809917356,0.08264462809917356,0.0
train,G072,0.11570247933884298,0.11570247933884298,0.11570247933884298,0.11570247933884298,0.0
train,G073,0.008264462809917356,0.008264462809917356,0.008264462809917356,0.008264462809917356,0.0027548209366391185
train,G074,0.14325068870523416,0.14325068870523416,0.14325068870523416,0.14325068870523416,0.011019283746556474
train,G075,0.06060606060606061,0.06060606060606061,0.06060606060606061,0.06060606060606061,0.0
train,G076,0.0881542699724518,0.0881542699724518,0.0881542699724518,0.0881542699724518,0.0
train,G077,0.14600550964187328,0.14600550964187328,0.14600550964187328,0.14600550964187328,0.0
train,G078,0.08539944903581267,0.08539944903581267,0.08539944903581267,0.08539944903581267,0.0
train,G079,0.013774104683195593,0.013774104683195593,0.013774104683195593,0.013774104683195593,0.0
train,G080,0.0027548209366391185,0.0027548209366391185,0.0027548209366391185,0.0027548209366391185,0.0
train,G081,0.04132231404958678,0.04132231404958678,0.04132231404958678,0.04132231404958678,0.0
train,G082,0.0027548209366391185,0.0027548209366391185,0.0027548209366391185,0.0027548209366391185,0.0
train,G083,0.01652892561983471,0.01652892561983471,0.01652892561983471,0.01652892561983471,0.0
train,G084,0.09366391184573003,0.09366391184573003,0.09366391184573003,0.09366391184573003,0.0
train,G085,0.0027548209366391185,0.0027548209366391185,0.0027548209366391185,0.0027548209366391185,0.0
train,G086,0.0440771349862259,0.0440771349862259,0.0440771349862259,0.0440771349862259,0.005509641873278237
train,G087,0.0,0.0,0.0,0.0,0.0
train,G088,0.005509641873278237,0.005509641873278237,0.005509641873278237,0.005509641873278237,0.0
train,G089,0.005509641873278237,0.005509641873278237,0.005509641873278237,0.005509641873278237,0.0
train,G090,0.01928374655647383,0.01928374655647383,0.01928374655647383,0.01928374655647383,0.005509641873278237
train,G091,0.0881542699724518,0.0881542699724518,0.0881542699724518,0.0881542699724518,0.0
train,G092,0.005509641873278237,0.005509641873278237,0.005509641873278237,0.005509641873278237,0.0
train,G093,0.005509641873278237,0.005509641873278237,0.005509641873278237,0.005509641873278237,0.0
train,G094,0.17079889807162535,0.17079889807162535,0.17079889807162535,0.17079889807162535,0.005509641873278237
train,G095,0.19008264462809918,0.19008264462809918,0.19008264462809918,0.19008264462809918,0.0
train,G096,0.09366391184573003,0.09366391184573003,0.09366391184573003,0.09366391184573003,0.0
train,G097,0.09366391184573003,0.09366391184573003,0.09366391184573003,0.09366391184573003,0.0
train,G098,0.06336088154269973,0.06336088154269973,0.06336088154269973,0.06336088154269973,0.06336088154269973
train,G099,0.05234159779614325,0.05234159779614325,0.05234159779614325,0.05234159779614325,0.05234159779614325
train,G100,0.10192837465564739,0.10192837465564739,0.10192837465564739,0.10192837465564739,0.10192837465564739
train,G101,0.06887052341597796,0.06887052341597796,0.06887052341597796,0.06887052341597796,0.0
train,G102,0.10743801652892562,0.10743801652892562,0.10743801652892562,0.10743801652892562,0.0
train,G103,0.14600550964187328,0.14600550964187328,0.14600550964187328,0.14600550964187328,0.0
train,G104,0.09917355371900827,0.09917355371900827,0.09917355371900827,0.09917355371900827,0.0
train,G105,0.38016528925619836,0.38016528925619836,0.38016528925619836,0.38016528925619836,0.0
train,G106,0.09366391184573003,0.09366391184573003,0.09366391184573003,0.09366391184573003,0.0
train,G107,0.04132231404958678,0.04132231404958678,0.04132231404958678,0.04132231404958678,0.0
train,G108,0.07162534435261708,0.07162534435261708,0.07162534435261708,0.07162534435261708,0.0
train,G109,0.04132231404958678,0.04132231404958678,0.04132231404958678,0.04132231404958678,0.0
train,G110,0.04132231404958678,0.04132231404958678,0.04132231404958678,0.04132231404958678,0.0
train,G111,0.0,0.0,0.0,0.0,0.0
train,G112,0.0,0.0,0.0,0.0,0.0
test,G001,0.0,0.0,0.0,0.0,0.0
test,G002,0.043478260869565216,0.043478260869565216,0.043478260869565216,0.043478260869565216,0.010869565217391304
test,G003,0.0,0.0,0.0,0.0,0.0
test,G004,0.0,0.0,0.0,0.0,0.0
test,G005,0.0,0.0,0.0,0.0,0.0
test,G006,0.0,0.0,0.0,0.0,0.0
test,G007,0.0,0.0,0.0,0.0,0.0
test,G008,0.0,0.0,0.0,0.0,0.0
test,G009,0.0,0.0,0.0,0.0,0.0
test,G010,0.0,0.0,0.0,0.0,0.0
test,G011,0.0,0.0,0.0,0.0,0.0
test,G012,0.10869565217391304,0.10869565217391304,0.10869565217391304,0.10869565217391304,0.0
test,G013,0.0,0.0,0.0,0.0,0.0
test,G014,0.0,0.0,0.0,0.0,0.0
test,G015,1.0,1.0,1.0,1.0,0.0
test,G016,0.0,0.0,0.0,0.0,0.0
test,G017,0.0,0.0,0.0,0.0,0.0
test,G018,0.0,0.0,0.0,0.0,0.0
test,G019,0.0,0.0,0.0,0.0,0.0
test,G020,0.0,0.0,0.0,0.0,0.0
test,G021,0.0,0.0,0.0,0.0,0.0
test,G022,0.0,0.0,0.0,0.0,0.0
test,G023,0.0,0.0,0.0,0.0,0.0
test,G024,0.15217391304347827,0.15217391304347827,0.15217391304347827,0.15217391304347827,0.0
test,G025,0.25,0.25,0.25,0.25,0.0
test,G026,0.11956521739130435,0.11956521739130435,0.11956521739130435,0.11956521739130435,0.0
test,G027,0.0,0.0,0.0,0.0,0.0
test,G028,0.14130434782608695,0.14130434782608695,0.14130434782608695,0.14130434782608695,0.010869565217391304
test,G029,0.0,0.0,0.0,0.0,0.0
test,G030,0.5543478260869565,0.5543478260869565,0.5543478260869565,0.5543478260869565,0.0
test,G031,0.010869565217391304,0.010869565217391304,0.010869565217391304,0.010869565217391304,0.0
test,G032,0.07608695652173914,0.07608695652173914,0.07608695652173914,0.07608695652173914,0.0
test,G033,0.043478260869565216,0.043478260869565216,0.043478260869565216,0.043478260869565216,0.0
test,G034,0.0,0.0,0.0,0.0,0.0
test,G035,0.05434782608695652,0.05434782608695652,0.05434782608695652,0.05434782608695652,0.0
test,G036,0.0,0.0,0.0,0.0,0.0
test,G037,0.0,0.0,0.0,0.0,0.0
test,G038,0.18478260869565216,0.18478260869565216,0.18478260869565216,0.18478260869565216,0.0
test,G039,0.05434782608695652,0.05434782608695652,0.05434782608695652,0.05434782608695652,0.0
test,G040,0.010869565217391304,0.010869565217391304,0.010869565217391304,0.010869565217391304,0.0
test,G041,0.20652173913043478,0.20652173913043478,0.20652173913043478,0.20652173913043478,0.0
test,G042,0.0,0.0,0.0,0.0,0.0
test,G043,0.0,0.0,0.0,0.0,0.0
test,G044,0.0,0.0,0.0,0.0,0.0
test,G045,0.0,0.0,0.0,0.0,0.0
test,G046,0.0,0.0,0.0,0.0,0.0
test,G047,0.09782608695652174,0.09782608695652174,0.09782608695652174,0.09782608695652174,0.021739130434782608
test,G048,0.05434782608695652,0.05434782608695652,0.05434782608695652,0.05434782608695652,0.0
test,G049,0.0,0.0,0.0,0.0,0.0
test,G050,0.03260869565217391,0.03260869565217391,0.03260869565217391,0.03260869565217391,0.0
test,G051,0.0,0.0,0.0,0.0,0.0
test,G052,0.0,0.0,0.0,0.0,0.0
test,G053,0.0,0.0,0.0,0.0,0.0
test,G054,0.7391304347826086,0.7391304347826086,0.7391304347826086,0.7391304347826086,0.0
test,G055,0.0,0.0,0.0,0.0,0.0
test,G056,0.5,0.5,0.5,0.5,0.0
test,G057,0.0,0.0,0.0,0.0,0.0
test,G058,0.0,0.0,0.0,0.0,0.0
test,G059,0.0,0.0,0.0,0.0,0.0
test,G060,0.1956521739130435,0.1956521739130435,0.1956521739130435,0.1956521739130435,0.03260869565217391
test,G061,0.17391304347826086,0.17391304347826086,0.17391304347826086,0.17391304347826086,0.0
test,G062,0.17391304347826086,0.17391304347826086,0.17391304347826086,0.17391304347826086,0.0
test,G063,0.17391304347826086,0.17391304347826086,0.17391304347826086,0.17391304347826086,0.0
test,G064,0.0,0.0,0.0,0.0,0.0
test,G065,0.07608695652173914,0.07608695652173914,0.07608695652173914,0.07608695652173914,0.0
test,G066,0.10869565217391304,0.10869565217391304,0.10869565217391304,0.10869565217391304,0.0
test,G067,0.0,0.0,0.0,0.0,0.0
test,G068,0.14130434782608695,0.14130434782608695,0.14130434782608695,0.14130434782608695,0.0
test,G069,0.0,0.0,0.0,0.0,0.0
test,G070,0.14130434782608695,0.14130434782608695,0.14130434782608695,0.14130434782608695,0.0
test,G071,0.1956521739130435,0.1956521739130435,0.1956521739130435,0.1956521739130435,0.010869565217391304
test,G072,0.6086956521739131,0.6086956521739131,0.6086956521739131,0.6086956521739131,0.043478260869565216
test,G073,0.10869565217391304,0.10869565217391304,0.10869565217391304,0.10869565217391304,0.0
test,G074,0.0,0.0,0.0,0.0,0.0
test,G075,0.09782608695652174,0.09782608695652174,0.09782608695652174,0.09782608695652174,0.0
test,G076,0.0,0.0,0.0,0.0,0.0
test,G077,0.0,0.0,0.0,0.0,0.0
test,G078,0.06521739130434782,0.06521739130434782,0.06521739130434782,0.06521739130434782,0.043478260869565216
test,G079,0.07608695652173914,0.07608695652173914,0.07608695652173914,0.07608695652173914,0.0
test,G080,0.0,0.0,0.0,0.0,0.0
test,G081,0.0,0.0,0.0,0.0,0.0
test,G082,0.0,0.0,0.0,0.0,0.0
test,G083,0.07608695652173914,0.07608695652173914,0.07608695652173914,0.07608695652173914,0.0
test,G084,0.07608695652173914,0.07608695652173914,0.07608695652173914,0.07608695652173914,0.0
test,G085,0.0,0.0,0.0,0.0,0.0
test,G086,0.05434782608695652,0.05434782608695652,0.05434782608695652,0.05434782608695652,0.0
test,G087,0.17391304347826086,0.17391304347826086,0.17391304347826086,0.17391304347826086,0.06521739130434782
test,G088,0.0,0.0,0.0,0.0,0.0
test,G089,0.11956521739130435,0.11956521739130435,0.11956521739130435,0.11956521739130435,0.010869565217391304
test,G090,0.11956521739130435,0.11956521739130435,0.11956521739130435,0.11956521739130435,0.010869565217391304
test,G091,0.09782608695652174,0.09782608695652174,0.09782608695652174,0.09782608695652174,0.0
test,G092,0.13043478260869565,0.13043478260869565,0.13043478260869565,0.13043478260869565,0.0
test,G093,0.13043478260869565,0.13043478260869565,0.13043478260869565,0.13043478260869565,0.010869565217391304
test,G094,0.2608695652173913,0.2608695652173913,0.2608695652173913,0.2608695652173913,0.021739130434782608
test,G095,0.17391304347826086,0.17391304347826086,0.17391304347826086,0.17391304347826086,0.010869565217391304
test,G096,0.16304347826086957,0.16304347826086957,0.16304347826086957,0.16304347826086957,0.021739130434782608
test,G097,0.043478260869565216,0.043478260869565216,0.043478260869565216,0.043478260869565216,0.010869565217391304
test,G098,0.10869565217391304,0.10869565217391304,0.10869565217391304,0.10869565217391304,0.10869565217391304
test,G099,0.15217391304347827,0.15217391304347827,0.15217391304347827,0.15217391304347827,0.15217391304347827
test,G100,0.30434782608695654,0.30434782608695654,0.30434782608695654,0.30434782608695654,0.22826086956521738
test,G101,0.021739130434782608,0.021739130434782608,0.021739130434782608,0.021739130434782608,0.0
test,G102,0.14130434782608695,0.14130434782608695,0.14130434782608695,0.14130434782608695,0.0
test,G103,0.13043478260869565,0.13043478260869565,0.13043478260869565,0.13043478260869565,0.0
test,G104,0.17391304347826086,0.17391304347826086,0.17391304347826086,0.17391304347826086,0.0
test,G105,0.16304347826086957,0.16304347826086957,0.16304347826086957,0.16304347826086957,0.0
test,G106,0.16304347826086957,0.16304347826086957,0.16304347826086957,0.16304347826086957,0.010869565217391304
test,G107,0.043478260869565216,0.043478260869565216,0.043478260869565216,0.043478260869565216,0.0
test,G108,0.043478260869565216,0.043478260869565216,0.043478260869565216,0.043478260869565216,0.0
test,G109,0.043478260869565216,0.043478260869565216,0.043478260869565216,0.043478260869565216,0.0
test,G110,0.14130434782608695,0.14130434782608695,0.14130434782608695,0.14130434782608695,0.0
test,G111,0.11956521739130435,0.11956521739130435,0.11956521739130435,0.11956521739130435,0.0
test,G112,0.32608695652173914,0.32608695652173914,0.32608695652173914,0.32608695652173914,0.0
