split,WELL_GROUP_NAME,WELL_NAME,首日,末日,跨度天数,有记录天数,LIQ_PROD_DAILY_有效天数,LIQ_PROD_DAILY_跨度覆盖率,OIL_PROD_DAILY_有效天数,OIL_PROD_DAILY_跨度覆盖率,WATER_CUT_有效天数,WATER_CUT_跨度覆盖率,WH_TEMP_有效天数,WH_TEMP_跨度覆盖率,MAX_TUBING_PRES_有效天数,MAX_TUBING_PRES_跨度覆盖率
train,G001,W241,2025-03-01,2026-02-28,365,363,362,0.9917808219178083,362,0.9917808219178083,362,0.9917808219178083,362,0.9917808219178083,363,0.9945205479452055
train,G002,W242,2025-03-01,2026-02-28,365,363,337,0.9232876712328767,337,0.9232876712328767,337,0.9232876712328767,337,0.9232876712328767,361,0.989041095890411
train,G003,W243,2025-03-01,2026-02-28,365,363,361,0.989041095890411,361,0.989041095890411,361,0.989041095890411,361,0.989041095890411,362,0.9917808219178083
train,G004,W244,2025-03-01,2026-02-28,365,363,310,0.8493150684931506,310,0.8493150684931506,310,0.8493150684931506,310,0.8493150684931506,363,0.9945205479452055
train,G005,W245,2025-03-01,2026-02-28,365,363,338,0.9260273972602739,338,0.9260273972602739,338,0.9260273972602739,338,0.9260273972602739,363,0.9945205479452055
train,G006,W246,2025-03-01,2026-02-28,365,363,359,0.9835616438356164,359,0.9835616438356164,359,0.9835616438356164,359,0.9835616438356164,362,0.9917808219178083
train,G007,W247,2025-03-01,2026-02-28,365,363,359,0.9835616438356164,359,0.9835616438356164,359,0.9835616438356164,359,0.9835616438356164,359,0.9835616438356164
train,G008,W248,2025-03-01,2026-02-28,365,363,362,0.9917808219178083,362,0.9917808219178083,362,0.9917808219178083,362,0.9917808219178083,363,0.9945205479452055
train,G009,W249,2025-03-01,2026-02-28,365,363,352,0.9643835616438357,352,0.9643835616438357,352,0.9643835616438357,352,0.9643835616438357,359,0.9835616438356164
train,G010,W039,2025-03-01,2025-09-24,208,208,47,0.22596153846153846,47,0.22596153846153846,47,0.22596153846153846,47,0.22596153846153846,208,1.0
train,G010,W040,2025-03-01,2025-09-24,208,208,207,0.9951923076923077,207,0.9951923076923077,207,0.9951923076923077,207,0.9951923076923077,207,0.9951923076923077
train,G010,W088,2025-03-01,2025-09-24,208,208,0,0.0,0,0.0,0,0.0,0,0.0,208,1.0
train,G010,W225,2025-03-01,2025-09-24,208,208,5,0.02403846153846154,5,0.02403846153846154,5,0.02403846153846154,5,0.02403846153846154,207,0.9951923076923077
train,G010,W250,2025-03-01,2026-02-28,365,363,355,0.9726027397260274,355,0.9726027397260274,355,0.9726027397260274,355,0.9726027397260274,361,0.989041095890411
train,G011,W170,2025-03-01,2025-09-24,208,208,0,0.0,0,0.0,0,0.0,0,0.0,207,0.9951923076923077
train,G011,W172,2025-03-01,2025-09-24,208,208,6,0.028846153846153848,6,0.028846153846153848,6,0.028846153846153848,6,0.028846153846153848,206,0.9903846153846154
train,G011,W173,2025-03-01,2025-09-24,208,208,174,0.8365384615384616,174,0.8365384615384616,174,0.8365384615384616,174,0.8365384615384616,208,1.0
train,G011,W174,2025-03-01,2025-09-24,208,208,0,0.0,0,0.0,0,0.0,0,0.0,207,0.9951923076923077
train,G011,W251,2025-03-01,2026-02-28,365,363,350,0.958904109589041,350,0.958904109589041,350,0.958904109589041,350,0.958904109589041,362,0.9917808219178083
train,G012,W041,2025-03-01,2025-09-24,208,208,83,0.39903846153846156,83,0.39903846153846156,83,0.39903846153846156,83,0.39903846153846156,202,0.9711538461538461
train,G012,W042,2025-03-01,2025-09-24,208,208,14,0.0673076923076923,14,0.0673076923076923,14,0.0673076923076923,14,0.0673076923076923,207,0.9951923076923077
train,G012,W089,2025-03-01,2025-09-24,208,208,0,0.0,0,0.0,0,0.0,0,0.0,208,1.0
train,G012,W171,2025-03-01,2025-09-24,208,208,13,0.0625,13,0.0625,13,0.0625,13,0.0625,208,1.0
train,G012,W226,2025-03-01,2025-09-24,208,208,8,0.038461538461538464,8,0.038461538461538464,8,0.038461538461538464,8,0.038461538461538464,208,1.0
train,G012,W252,2025-03-01,2026-02-28,365,363,333,0.9123287671232877,333,0.9123287671232877,333,0.9123287671232877,333,0.9123287671232877,361,0.989041095890411
train,G013,W076,2025-03-01,2025-09-24,208,208,0,0.0,0,0.0,0,0.0,0,0.0,208,1.0
train,G013,W118,2025-03-01,2025-09-24,208,208,208,1.0,208,1.0,208,1.0,208,1.0,208,1.0
train,G013,W119,2025-03-01,2025-09-24,208,208,0,0.0,0,0.0,0,0.0,0,0.0,208,1.0
train,G013,W120,2025-03-01,2025-09-24,208,208,0,0.0,0,0.0,0,0.0,0,0.0,208,1.0
train,G013,W253,2025-03-01,2026-02-28,365,363,359,0.9835616438356164,359,0.9835616438356164,359,0.9835616438356164,359,0.9835616438356164,362,0.9917808219178083
train,G014,W043,2025-03-01,2025-09-24,208,208,189,0.9086538461538461,188,0.9038461538461539,188,0.9038461538461539,189,0.9086538461538461,203,0.9759615384615384
train,G014,W044,2025-03-01,2025-09-24,208,208,8,0.038461538461538464,8,0.038461538461538464,8,0.038461538461538464,8,0.038461538461538464,208,1.0
train,G014,W045,2025-03-01,2025-09-24,208,208,12,0.057692307692307696,12,0.057692307692307696,12,0.057692307692307696,12,0.057692307692307696,207,0.9951923076923077
train,G014,W127,2025-03-01,2025-09-24,208,208,187,0.8990384615384616,187,0.8990384615384616,187,0.8990384615384616,187,0.8990384615384616,208,1.0
train,G014,W128,2025-03-01,2025-09-24,208,208,0,0.0,0,0.0,0,0.0,0,0.0,208,1.0
train,G014,W129,2025-03-01,2025-09-24,208,208,208,1.0,208,1.0,208,1.0,208,1.0,208,1.0
train,G014,W130,2025-03-01,2025-09-24,208,208,9,0.04326923076923077,9,0.04326923076923077,9,0.04326923076923077,9,0.04326923076923077,208,1.0
train,G014,W254,2025-03-01,2026-02-28,365,363,363,0.9945205479452055,363,0.9945205479452055,363,0.9945205479452055,363,0.9945205479452055,363,0.9945205479452055
train,G015,W024,2025-03-01,2025-09-24,208,208,196,0.9423076923076923,196,0.9423076923076923,196,0.9423076923076923,196,0.9423076923076923,208,1.0
train,G015,W052,2025-03-01,2025-09-24,208,208,107,0.5144230769230769,107,0.5144230769230769,107,0.5144230769230769,107,0.5144230769230769,207,0.9951923076923077
train,G015,W138,2025-03-01,2025-09-24,208,208,0,0.0,0,0.0,0,0.0,0,0.0,208,1.0
train,G015,W255,2025-03-01,2026-02-28,365,363,0,0.0,0,0.0,0,0.0,0,0.0,363,0.9945205479452055
train,G016,W079,2025-03-01,2025-09-24,208,208,135,0.6490384615384616,135,0.6490384615384616,135,0.6490384615384616,135,0.6490384615384616,207,0.9951923076923077
train,G016,W080,2025-03-01,2025-09-24,208,208,0,0.0,0,0.0,0,0.0,0,0.0,208,1.0
train,G016,W121,2025-03-01,2025-09-24,208,208,0,0.0,0,0.0,0,0.0,0,0.0,208,1.0
train,G016,W122,2025-03-01,2025-09-24,208,208,0,0.0,0,0.0,0,0.0,0,0.0,208,1.0
train,G016,W123,2025-03-01,2025-09-24,208,208,0,0.0,0,0.0,0,0.0,0,0.0,208,1.0
train,G016,W256,2025-03-01,2026-02-28,365,363,363,0.9945205479452055,363,0.9945205479452055,363,0.9945205479452055,363,0.9945205479452055,363,0.9945205479452055
train,G017,W046,2025-03-01,2025-09-24,208,208,0,0.0,0,0.0,0,0.0,0,0.0,208,1.0
train,G017,W047,2025-03-01,2025-09-24,208,208,0,0.0,0,0.0,0,0.0,0,0.0,208,1.0
train,G017,W048,2025-03-01,2025-09-24,208,208,0,0.0,0,0.0,0,0.0,0,0.0,208,1.0
train,G017,W131,2025-03-01,2025-09-24,208,208,0,0.0,0,0.0,0,0.0,0,0.0,208,1.0
train,G017,W132,2025-03-01,2025-09-24,208,208,27,0.12980769230769232,27,0.12980769230769232,27,0.12980769230769232,27,0.12980769230769232,208,1.0
train,G017,W133,2025-03-01,2025-09-24,208,208,0,0.0,0,0.0,0,0.0,0,0.0,208,1.0
train,G017,W257,2025-03-01,2026-02-28,365,363,363,0.9945205479452055,363,0.9945205479452055,363,0.9945205479452055,363,0.9945205479452055,363,0.9945205479452055
train,G018,W053,2025-03-01,2025-09-24,208,208,208,1.0,208,1.0,208,1.0,208,1.0,208,1.0
train,G018,W054,2025-03-01,2025-09-24,208,208,73,0.35096153846153844,73,0.35096153846153844,73,0.35096153846153844,73,0.35096153846153844,207,0.9951923076923077
train,G018,W055,2025-03-01,2025-09-24,208,208,0,0.0,0,0.0,0,0.0,0,0.0,208,1.0
train,G018,W139,2025-03-01,2025-09-24,208,208,204,0.9807692307692307,204,0.9807692307692307,204,0.9807692307692307,204,0.9807692307692307,208,1.0
train,G018,W140,2025-03-01,2025-09-24,208,208,54,0.25961538461538464,54,0.25961538461538464,54,0.25961538461538464,54,0.25961538461538464,208,1.0
train,G018,W141,2025-03-01,2025-09-24,208,208,0,0.0,0,0.0,0,0.0,0,0.0,208,1.0
train,G018,W258,2025-03-01,2026-02-28,365,363,363,0.9945205479452055,363,0.9945205479452055,363,0.9945205479452055,363,0.9945205479452055,363,0.9945205479452055
train,G019,W077,2025-03-01,2025-09-24,208,208,140,0.6730769230769231,140,0.6730769230769231,140,0.6730769230769231,140,0.6730769230769231,207,0.9951923076923077
train,G019,W078,2025-03-01,2025-09-24,208,208,0,0.0,0,0.0,0,0.0,0,0.0,208,1.0
train,G019,W124,2025-03-01,2025-09-24,208,208,0,0.0,0,0.0,0,0.0,0,0.0,208,1.0
train,G019,W125,2025-03-01,2025-09-24,208,208,0,0.0,0,0.0,0,0.0,0,0.0,208,1.0
train,G019,W126,2025-03-01,2025-09-24,208,208,0,0.0,0,0.0,0,0.0,0,0.0,208,1.0
train,G019,W175,2025-03-01,2025-09-24,208,208,0,0.0,0,0.0,0,0.0,0,0.0,208,1.0
train,G019,W259,2025-03-01,2026-02-28,365,363,363,0.9945205479452055,363,0.9945205479452055,363,0.9945205479452055,363,0.9945205479452055,363,0.9945205479452055
train,G020,W049,2025-03-01,2025-09-24,208,208,0,0.0,0,0.0,0,0.0,0,0.0,208,1.0
train,G020,W050,2025-03-01,2025-09-24,208,208,184,0.8846153846153846,183,0.8798076923076923,183,0.8798076923076923,184,0.8846153846153846,205,0.9855769230769231
train,G020,W051,2025-03-01,2025-09-24,208,208,0,0.0,0,0.0,0,0.0,0,0.0,207,0.9951923076923077
train,G020,W134,2025-03-01,2025-09-24,208,208,0,0.0,0,0.0,0,0.0,0,0.0,208,1.0
train,G020,W135,2025-03-01,2025-09-24,208,208,0,0.0,0,0.0,0,0.0,0,0.0,208,1.0
train,G020,W136,2025-03-01,2025-09-24,208,208,0,0.0,0,0.0,0,0.0,0,0.0,208,1.0
train,G020,W260,2025-03-01,2026-02-28,365,363,353,0.9671232876712329,353,0.9671232876712329,353,0.9671232876712329,353,0.9671232876712329,363,0.9945205479452055
train,G021,W056,2025-03-01,2025-09-24,208,208,0,0.0,0,0.0,0,0.0,0,0.0,208,1.0
train,G021,W057,2025-03-01,2025-09-24,208,208,0,0.0,0,0.0,0,0.0,0,0.0,208,1.0
train,G021,W142,2025-03-01,2025-09-24,208,208,0,0.0,0,0.0,0,0.0,0,0.0,208,1.0
train,G021,W143,2025-03-01,2025-09-24,208,208,197,0.9471153846153846,197,0.9471153846153846,197,0.9471153846153846,197,0.9471153846153846,208,1.0
train,G021,W144,2025-03-01,2025-09-24,208,208,0,0.0,0,0.0,0,0.0,0,0.0,207,0.9951923076923077
train,G021,W261,2025-03-01,2026-02-28,365,363,358,0.9808219178082191,358,0.9808219178082191,358,0.9808219178082191,358,0.9808219178082191,361,0.989041095890411
train,G022,W058,2025-03-01,2025-09-24,208,208,189,0.9086538461538461,189,0.9086538461538461,189,0.9086538461538461,189,0.9086538461538461,207,0.9951923076923077
train,G022,W059,2025-03-01,2025-09-24,208,208,205,0.9855769230769231,205,0.9855769230769231,205,0.9855769230769231,205,0.9855769230769231,207,0.9951923076923077
train,G022,W060,2025-03-01,2025-09-24,208,208,0,0.0,0,0.0,0,0.0,0,0.0,207,0.9951923076923077
train,G022,W145,2025-03-01,2025-09-24,208,208,205,0.9855769230769231,205,0.9855769230769231,205,0.9855769230769231,205,0.9855769230769231,207,0.9951923076923077
train,G022,W146,2025-03-01,2025-09-24,208,208,0,0.0,0,0.0,0,0.0,0,0.0,208,1.0
train,G022,W262,2025-03-01,2026-02-28,365,363,359,0.9835616438356164,359,0.9835616438356164,359,0.9835616438356164,359,0.9835616438356164,363,0.9945205479452055
train,G023,W263,2025-03-01,2026-02-28,365,363,321,0.8794520547945206,321,0.8794520547945206,321,0.8794520547945206,321,0.8794520547945206,363,0.9945205479452055
train,G023,W293,2025-03-01,2026-02-28,365,363,0,0.0,0,0.0,0,0.0,0,0.0,363,0.9945205479452055
train,G024,W264,2025-03-01,2026-02-28,365,363,303,0.8301369863013699,303,0.8301369863013699,303,0.8301369863013699,303,0.8301369863013699,363,0.9945205479452055
train,G024,W293,2025-03-01,2026-02-28,365,363,0,0.0,0,0.0,0,0.0,0,0.0,363,0.9945205479452055
train,G025,W265,2025-03-01,2026-02-28,365,363,304,0.8328767123287671,304,0.8328767123287671,304,0.8328767123287671,304,0.8328767123287671,362,0.9917808219178083
train,G025,W294,2025-03-01,2026-02-28,365,363,0,0.0,0,0.0,0,0.0,0,0.0,361,0.989041095890411
train,G026,W266,2025-03-01,2026-02-28,365,363,270,0.7397260273972602,270,0.7397260273972602,270,0.7397260273972602,270,0.7397260273972602,363,0.9945205479452055
train,G026,W294,2025-03-01,2026-02-28,365,363,0,0.0,0,0.0,0,0.0,0,0.0,361,0.989041095890411
train,G027,W268,2025-03-01,2026-02-28,365,363,363,0.9945205479452055,363,0.9945205479452055,363,0.9945205479452055,363,0.9945205479452055,363,0.9945205479452055
train,G028,W269,2025-03-01,2026-02-28,365,363,363,0.9945205479452055,363,0.9945205479452055,363,0.9945205479452055,363,0.9945205479452055,363,0.9945205479452055
train,G029,W270,2025-03-01,2026-02-28,365,363,363,0.9945205479452055,363,0.9945205479452055,363,0.9945205479452055,363,0.9945205479452055,363,0.9945205479452055
train,G030,W271,2025-03-01,2026-02-28,365,363,248,0.6794520547945205,248,0.6794520547945205,248,0.6794520547945205,248,0.6794520547945205,363,0.9945205479452055
train,G030,W295,2025-03-01,2026-02-28,365,363,0,0.0,0,0.0,0,0.0,0,0.0,363,0.9945205479452055
train,G031,W272,2025-03-01,2026-02-28,365,363,334,0.915068493150685,334,0.915068493150685,334,0.915068493150685,334,0.915068493150685,363,0.9945205479452055
train,G031,W295,2025-03-01,2026-02-28,365,363,0,0.0,0,0.0,0,0.0,0,0.0,363,0.9945205479452055
train,G032,W273,2025-03-01,2026-02-28,365,363,363,0.9945205479452055,363,0.9945205479452055,363,0.9945205479452055,363,0.9945205479452055,363,0.9945205479452055
train,G032,W296,2025-03-01,2026-02-28,365,363,0,0.0,0,0.0,0,0.0,0,0.0,363,0.9945205479452055
train,G033,W274,2025-03-01,2026-02-28,365,363,354,0.9698630136986301,354,0.9698630136986301,354,0.9698630136986301,354,0.9698630136986301,363,0.9945205479452055
train,G033,W296,2025-03-01,2026-02-28,365,363,0,0.0,0,0.0,0,0.0,0,0.0,363,0.9945205479452055
train,G034,W105,2025-03-01,2025-09-24,208,208,208,1.0,208,1.0,208,1.0,208,1.0,208,1.0
train,G034,W275,2025-03-01,2026-02-28,365,363,333,0.9123287671232877,333,0.9123287671232877,333,0.9123287671232877,333,0.9123287671232877,362,0.9917808219178083
train,G035,W276,2025-03-01,2026-02-28,365,363,363,0.9945205479452055,363,0.9945205479452055,363,0.9945205479452055,363,0.9945205479452055,363,0.9945205479452055
train,G036,W277,2025-03-01,2026-02-28,365,363,362,0.9917808219178083,362,0.9917808219178083,362,0.9917808219178083,362,0.9917808219178083,362,0.9917808219178083
train,G037,W278,2025-03-01,2026-02-28,365,363,361,0.989041095890411,361,0.989041095890411,361,0.989041095890411,361,0.989041095890411,361,0.989041095890411
train,G038,W279,2025-03-01,2026-02-28,365,363,333,0.9123287671232877,333,0.9123287671232877,333,0.9123287671232877,333,0.9123287671232877,361,0.989041095890411
train,G039,W280,2025-03-01,2026-02-28,365,363,351,0.9616438356164384,351,0.9616438356164384,351,0.9616438356164384,351,0.9616438356164384,362,0.9917808219178083
train,G040,W281,2025-03-01,2026-02-28,365,363,341,0.9342465753424658,341,0.9342465753424658,341,0.9342465753424658,341,0.9342465753424658,360,0.9863013698630136
train,G041,W282,2025-03-01,2026-02-28,365,363,362,0.9917808219178083,362,0.9917808219178083,362,0.9917808219178083,362,0.9917808219178083,362,0.9917808219178083
train,G042,W267,2025-03-01,2026-02-28,365,363,316,0.8657534246575342,316,0.8657534246575342,316,0.8657534246575342,316,0.8657534246575342,363,0.9945205479452055
train,G042,W283,2025-03-01,2026-02-28,365,363,313,0.8575342465753425,313,0.8575342465753425,313,0.8575342465753425,313,0.8575342465753425,362,0.9917808219178083
train,G043,W287,2025-03-01,2026-02-28,365,363,335,0.9178082191780822,335,0.9178082191780822,335,0.9178082191780822,335,0.9178082191780822,363,0.9945205479452055
train,G044,W288,2025-03-01,2026-02-28,365,363,363,0.9945205479452055,363,0.9945205479452055,363,0.9945205479452055,363,0.9945205479452055,363,0.9945205479452055
train,G045,W289,2025-03-01,2026-02-28,365,363,363,0.9945205479452055,363,0.9945205479452055,363,0.9945205479452055,363,0.9945205479452055,363,0.9945205479452055
train,G046,W290,2025-03-01,2026-02-28,365,363,363,0.9945205479452055,363,0.9945205479452055,363,0.9945205479452055,363,0.9945205479452055,363,0.9945205479452055
train,G047,W005,2025-03-01,2025-09-24,208,208,0,0.0,0,0.0,0,0.0,0,0.0,208,1.0
train,G047,W018,2025-03-01,2025-09-24,208,208,0,0.0,0,0.0,0,0.0,0,0.0,208,1.0
train,G047,W020,2025-03-01,2025-09-24,208,208,188,0.9038461538461539,188,0.9038461538461539,188,0.9038461538461539,188,0.9038461538461539,207,0.9951923076923077
train,G047,W291,2025-03-01,2026-02-28,365,363,347,0.9506849315068493,347,0.9506849315068493,347,0.9506849315068493,347,0.9506849315068493,363,0.9945205479452055
train,G048,W006,2025-03-01,2025-09-24,208,208,203,0.9759615384615384,203,0.9759615384615384,203,0.9759615384615384,203,0.9759615384615384,206,0.9903846153846154
train,G048,W292,2025-03-01,2026-02-28,365,363,358,0.9808219178082191,358,0.9808219178082191,358,0.9808219178082191,358,0.9808219178082191,363,0.9945205479452055
train,G049,W008,2025-03-01,2025-09-24,208,208,205,0.9855769230769231,205,0.9855769230769231,205,0.9855769230769231,205,0.9855769230769231,208,1.0
train,G049,W297,2025-03-01,2026-02-28,365,363,301,0.8246575342465754,301,0.8246575342465754,301,0.8246575342465754,301,0.8246575342465754,363,0.9945205479452055
train,G050,W082,2025-03-01,2025-08-31,184,184,0,0.0,0,0.0,0,0.0,0,0.0,175,0.9510869565217391
train,G050,W186,2025-03-01,2025-08-31,184,184,82,0.44565217391304346,82,0.44565217391304346,82,0.44565217391304346,82,0.44565217391304346,174,0.9456521739130435
train,G050,W298,2025-03-01,2026-02-28,365,363,321,0.8794520547945206,321,0.8794520547945206,321,0.8794520547945206,321,0.8794520547945206,363,0.9945205479452055
train,G051,W299,2025-03-01,2026-02-28,365,363,0,0.0,0,0.0,0,0.0,0,0.0,362,0.9917808219178083
train,G051,W344,2025-03-01,2026-02-28,365,363,363,0.9945205479452055,363,0.9945205479452055,363,0.9945205479452055,363,0.9945205479452055,363,0.9945205479452055
train,G051,W345,2025-03-01,2026-02-28,365,363,178,0.4876712328767123,178,0.4876712328767123,178,0.4876712328767123,178,0.4876712328767123,362,0.9917808219178083
train,G052,W300,2025-03-01,2026-02-28,365,363,363,0.9945205479452055,363,0.9945205479452055,363,0.9945205479452055,363,0.9945205479452055,363,0.9945205479452055
train,G052,W346,2025-03-01,2026-02-28,365,363,353,0.9671232876712329,353,0.9671232876712329,353,0.9671232876712329,353,0.9671232876712329,363,0.9945205479452055
train,G052,W347,2025-03-01,2026-02-28,365,363,356,0.9753424657534246,356,0.9753424657534246,356,0.9753424657534246,356,0.9753424657534246,363,0.9945205479452055
train,G053,W301,2025-03-01,2026-02-28,365,363,363,0.9945205479452055,363,0.9945205479452055,363,0.9945205479452055,363,0.9945205479452055,363,0.9945205479452055
train,G053,W347,2025-03-01,2026-02-28,365,363,356,0.9753424657534246,356,0.9753424657534246,356,0.9753424657534246,356,0.9753424657534246,363,0.9945205479452055
train,G053,W348,2025-03-01,2026-02-28,365,363,0,0.0,0,0.0,0,0.0,0,0.0,363,0.9945205479452055
train,G054,W302,2025-03-01,2026-02-28,365,363,347,0.9506849315068493,347,0.9506849315068493,347,0.9506849315068493,347,0.9506849315068493,363,0.9945205479452055
train,G054,W348,2025-03-01,2026-02-28,365,363,0,0.0,0,0.0,0,0.0,0,0.0,363,0.9945205479452055
train,G054,W349,2025-03-01,2026-02-28,365,363,0,0.0,0,0.0,0,0.0,0,0.0,363,0.9945205479452055
train,G055,W303,2025-03-01,2026-02-28,365,363,346,0.947945205479452,346,0.947945205479452,346,0.947945205479452,346,0.947945205479452,354,0.9698630136986301
train,G055,W349,2025-03-01,2026-02-28,365,363,0,0.0,0,0.0,0,0.0,0,0.0,363,0.9945205479452055
train,G055,W350,2025-03-01,2026-02-28,365,363,22,0.06027397260273973,22,0.06027397260273973,22,0.06027397260273973,22,0.06027397260273973,209,0.5726027397260274
train,G056,W304,2025-03-01,2025-12-31,306,306,0,0.0,0,0.0,0,0.0,0,0.0,305,0.9967320261437909
train,G056,W350,2025-03-01,2026-02-28,365,363,22,0.06027397260273973,22,0.06027397260273973,22,0.06027397260273973,22,0.06027397260273973,209,0.5726027397260274
train,G056,W351,2025-03-01,2026-02-28,365,363,320,0.8767123287671232,320,0.8767123287671232,320,0.8767123287671232,320,0.8767123287671232,320,0.8767123287671232
train,G057,W305,2025-03-01,2026-02-28,365,363,363,0.9945205479452055,363,0.9945205479452055,363,0.9945205479452055,363,0.9945205479452055,363,0.9945205479452055
train,G057,W351,2025-03-01,2026-02-28,365,363,320,0.8767123287671232,320,0.8767123287671232,320,0.8767123287671232,320,0.8767123287671232,320,0.8767123287671232
train,G058,W062,2025-03-01,2025-09-24,208,208,0,0.0,0,0.0,0,0.0,0,0.0,208,1.0
train,G058,W063,2025-03-01,2025-09-24,208,208,208,1.0,208,1.0,208,1.0,208,1.0,208,1.0
train,G058,W064,2025-03-01,2025-09-24,208,208,208,1.0,208,1.0,208,1.0,208,1.0,208,1.0
train,G058,W306,2025-03-01,2026-02-28,365,363,320,0.8767123287671232,320,0.8767123287671232,320,0.8767123287671232,320,0.8767123287671232,361,0.989041095890411
train,G059,W307,2025-03-01,2026-02-28,365,363,327,0.8958904109589041,327,0.8958904109589041,327,0.8958904109589041,327,0.8958904109589041,362,0.9917808219178083
train,G060,W308,2025-03-01,2026-02-28,365,363,334,0.915068493150685,334,0.915068493150685,334,0.915068493150685,334,0.915068493150685,361,0.989041095890411
train,G061,W309,2025-03-01,2026-02-28,365,363,154,0.42191780821917807,154,0.42191780821917807,154,0.42191780821917807,154,0.42191780821917807,360,0.9863013698630136
train,G062,W310,2025-03-01,2026-02-28,365,363,341,0.9342465753424658,341,0.9342465753424658,341,0.9342465753424658,341,0.9342465753424658,363,0.9945205479452055
train,G063,W311,2025-03-01,2026-02-28,365,363,316,0.8657534246575342,316,0.8657534246575342,316,0.8657534246575342,316,0.8657534246575342,363,0.9945205479452055
train,G064,W312,2025-03-01,2026-02-28,365,363,295,0.8082191780821918,295,0.8082191780821918,295,0.8082191780821918,295,0.8082191780821918,363,0.9945205479452055
train,G064,W335,2025-03-01,2026-02-28,365,363,0,0.0,0,0.0,0,0.0,0,0.0,340,0.9315068493150684
train,G064,W336,2025-03-01,2026-02-28,365,363,0,0.0,0,0.0,0,0.0,0,0.0,276,0.7561643835616438
train,G065,W031,2025-03-01,2025-08-31,184,184,0,0.0,0,0.0,0,0.0,0,0.0,126,0.6847826086956522
train,G065,W194,2025-03-01,2025-08-31,184,184,0,0.0,0,0.0,0,0.0,0,0.0,93,0.5054347826086957
train,G065,W313,2025-03-01,2026-02-28,365,363,292,0.8,292,0.8,292,0.8,292,0.8,362,0.9917808219178083
train,G066,W032,2025-03-01,2025-09-24,208,208,208,1.0,208,1.0,208,1.0,208,1.0,208,1.0
train,G066,W202,2025-03-01,2025-09-24,208,208,208,1.0,208,1.0,208,1.0,208,1.0,208,1.0
train,G066,W314,2025-03-01,2026-02-28,365,363,358,0.9808219178082191,358,0.9808219178082191,358,0.9808219178082191,358,0.9808219178082191,363,0.9945205479452055
train,G067,W315,2025-03-01,2026-02-28,365,363,262,0.7178082191780822,262,0.7178082191780822,262,0.7178082191780822,262,0.7178082191780822,363,0.9945205479452055
train,G067,W345,2025-03-01,2026-02-28,365,363,178,0.4876712328767123,178,0.4876712328767123,178,0.4876712328767123,178,0.4876712328767123,362,0.9917808219178083
train,G067,W346,2025-03-01,2026-02-28,365,363,353,0.9671232876712329,353,0.9671232876712329,353,0.9671232876712329,353,0.9671232876712329,363,0.9945205479452055
train,G068,W007,2025-03-01,2025-08-31,184,184,0,0.0,0,0.0,0,0.0,0,0.0,184,1.0
train,G068,W316,2025-03-01,2026-02-28,365,363,351,0.9616438356164384,351,0.9616438356164384,351,0.9616438356164384,351,0.9616438356164384,362,0.9917808219178083
train,G069,W177,2025-03-01,2025-08-31,184,184,0,0.0,0,0.0,0,0.0,0,0.0,184,1.0
train,G069,W317,2025-03-01,2026-02-28,365,363,308,0.8438356164383561,308,0.8438356164383561,308,0.8438356164383561,308,0.8438356164383561,362,0.9917808219178083
train,G070,W184,2025-03-01,2025-08-31,184,184,85,0.46195652173913043,85,0.46195652173913043,85,0.46195652173913043,85,0.46195652173913043,169,0.9184782608695652
train,G070,W185,2025-03-01,2025-08-31,184,184,0,0.0,0,0.0,0,0.0,0,0.0,136,0.7391304347826086
train,G070,W318,2025-03-01,2026-02-28,365,363,328,0.8986301369863013,328,0.8986301369863013,328,0.8986301369863013,328,0.8986301369863013,362,0.9917808219178083
train,G071,W188,2025-03-01,2025-08-31,184,184,0,0.0,0,0.0,0,0.0,0,0.0,184,1.0
train,G071,W319,2025-03-01,2026-02-28,365,363,333,0.9123287671232877,333,0.9123287671232877,333,0.9123287671232877,333,0.9123287671232877,363,0.9945205479452055
train,G072,W196,2025-03-01,2025-08-31,184,184,101,0.5489130434782609,101,0.5489130434782609,101,0.5489130434782609,101,0.5489130434782609,171,0.9293478260869565
train,G072,W320,2025-03-01,2026-02-28,365,363,321,0.8794520547945206,321,0.8794520547945206,321,0.8794520547945206,321,0.8794520547945206,363,0.9945205479452055
train,G073,W321,2025-03-01,2026-02-28,365,363,360,0.9863013698630136,360,0.9863013698630136,360,0.9863013698630136,360,0.9863013698630136,362,0.9917808219178083
train,G074,W322,2025-03-01,2026-02-28,365,363,311,0.852054794520548,311,0.852054794520548,311,0.852054794520548,311,0.852054794520548,359,0.9835616438356164
train,G075,W067,2025-03-01,2025-08-31,184,184,0,0.0,0,0.0,0,0.0,0,0.0,70,0.3804347826086957
train,G075,W083,2025-03-01,2025-09-24,208,208,188,0.9038461538461539,188,0.9038461538461539,188,0.9038461538461539,188,0.9038461538461539,208,1.0
train,G075,W323,2025-03-01,2026-02-28,365,363,328,0.8986301369863013,328,0.8986301369863013,328,0.8986301369863013,328,0.8986301369863013,363,0.9945205479452055
train,G076,W191,2025-03-01,2025-08-31,184,184,0,0.0,0,0.0,0,0.0,0,0.0,184,1.0
train,G076,W193,2025-03-01,2025-08-31,184,184,102,0.5543478260869565,102,0.5543478260869565,102,0.5543478260869565,102,0.5543478260869565,172,0.9347826086956522
train,G076,W324,2025-03-01,2026-02-28,365,363,330,0.9041095890410958,330,0.9041095890410958,330,0.9041095890410958,330,0.9041095890410958,363,0.9945205479452055
train,G077,W325,2025-03-01,2026-02-28,365,363,310,0.8493150684931506,310,0.8493150684931506,310,0.8493150684931506,310,0.8493150684931506,363,0.9945205479452055
train,G078,W072,2025-03-01,2025-08-31,184,184,101,0.5489130434782609,101,0.5489130434782609,101,0.5489130434782609,101,0.5489130434782609,171,0.9293478260869565
train,G078,W326,2025-03-01,2026-02-28,365,363,332,0.9095890410958904,332,0.9095890410958904,332,0.9095890410958904,332,0.9095890410958904,362,0.9917808219178083
train,G079,W327,2025-03-01,2026-02-28,365,363,358,0.9808219178082191,358,0.9808219178082191,358,0.9808219178082191,358,0.9808219178082191,363,0.9945205479452055
train,G079,W338,2025-03-01,2026-02-28,365,363,0,0.0,0,0.0,0,0.0,0,0.0,207,0.5671232876712329
train,G080,W328,2025-03-01,2026-02-28,365,363,362,0.9917808219178083,362,0.9917808219178083,362,0.9917808219178083,362,0.9917808219178083,363,0.9945205479452055
train,G080,W334,2025-03-01,2026-02-28,365,363,0,0.0,0,0.0,0,0.0,0,0.0,278,0.7616438356164383
train,G081,W329,2025-03-01,2026-02-28,365,363,348,0.9534246575342465,348,0.9534246575342465,348,0.9534246575342465,348,0.9534246575342465,362,0.9917808219178083
train,G081,W334,2025-03-01,2026-02-28,365,363,0,0.0,0,0.0,0,0.0,0,0.0,278,0.7616438356164383
train,G081,W335,2025-03-01,2026-02-28,365,363,0,0.0,0,0.0,0,0.0,0,0.0,340,0.9315068493150684
train,G082,W330,2025-03-01,2026-02-28,365,363,362,0.9917808219178083,362,0.9917808219178083,362,0.9917808219178083,362,0.9917808219178083,363,0.9945205479452055
train,G082,W336,2025-03-01,2026-02-28,365,363,0,0.0,0,0.0,0,0.0,0,0.0,276,0.7561643835616438
train,G083,W086,2025-03-01,2025-08-31,184,184,0,0.0,0,0.0,0,0.0,0,0.0,0,0.0
train,G083,W199,2025-03-01,2025-08-31,184,184,0,0.0,0,0.0,0,0.0,0,0.0,184,1.0
train,G083,W200,2025-03-01,2025-09-24,208,208,207,0.9951923076923077,207,0.9951923076923077,207,0.9951923076923077,207,0.9951923076923077,208,1.0
train,G083,W203,2025-03-01,2025-09-24,208,208,208,1.0,208,1.0,208,1.0,208,1.0,208,1.0
train,G083,W331,2025-03-01,2026-02-28,365,363,357,0.9780821917808219,357,0.9780821917808219,357,0.9780821917808219,357,0.9780821917808219,363,0.9945205479452055
train,G084,W332,2025-03-01,2026-02-28,365,363,329,0.9013698630136986,329,0.9013698630136986,329,0.9013698630136986,329,0.9013698630136986,363,0.9945205479452055
train,G084,W337,2025-03-01,2026-02-28,365,363,0,0.0,0,0.0,0,0.0,0,0.0,110,0.3013698630136986
train,G085,W333,2025-03-01,2026-02-28,365,363,362,0.9917808219178083,362,0.9917808219178083,362,0.9917808219178083,362,0.9917808219178083,363,0.9945205479452055
train,G085,W337,2025-03-01,2026-02-28,365,363,0,0.0,0,0.0,0,0.0,0,0.0,110,0.3013698630136986
train,G086,W338,2025-03-01,2026-02-28,365,363,0,0.0,0,0.0,0,0.0,0,0.0,207,0.5671232876712329
train,G086,W339,2025-03-01,2026-02-28,365,363,347,0.9506849315068493,347,0.9506849315068493,347,0.9506849315068493,347,0.9506849315068493,361,0.989041095890411
train,G087,W207,2025-03-01,2025-09-24,208,208,208,1.0,208,1.0,208,1.0,208,1.0,208,1.0
train,G087,W340,2025-03-01,2026-02-28,365,363,363,0.9945205479452055,363,0.9945205479452055,363,0.9945205479452055,363,0.9945205479452055,363,0.9945205479452055
train,G088,W065,2025-03-01,2025-09-24,208,208,183,0.8798076923076923,183,0.8798076923076923,183,0.8798076923076923,183,0.8798076923076923,199,0.9567307692307693
train,G088,W341,2025-03-01,2026-02-28,365,363,361,0.989041095890411,361,0.989041095890411,361,0.989041095890411,361,0.989041095890411,363,0.9945205479452055
train,G089,W033,2025-03-01,2025-08-31,184,184,0,0.0,0,0.0,0,0.0,0,0.0,20,0.10869565217391304
train,G089,W034,2025-03-01,2025-09-24,208,208,0,0.0,0,0.0,0,0.0,0,0.0,208,1.0
train,G089,W342,2025-03-01,2026-02-28,365,363,361,0.989041095890411,361,0.989041095890411,361,0.989041095890411,361,0.989041095890411,363,0.9945205479452055
train,G090,W343,2025-03-01,2026-02-28,365,363,356,0.9753424657534246,356,0.9753424657534246,356,0.9753424657534246,356,0.9753424657534246,361,0.989041095890411
train,G091,W038,2025-03-01,2025-08-31,184,184,0,0.0,0,0.0,0,0.0,0,0.0,184,1.0
train,G091,W352,2025-03-01,2026-02-28,365,363,331,0.9068493150684932,331,0.9068493150684932,331,0.9068493150684932,331,0.9068493150684932,363,0.9945205479452055
train,G092,W037,2025-03-01,2025-09-24,208,208,166,0.7980769230769231,166,0.7980769230769231,166,0.7980769230769231,0,0.0,0,0.0
train,G092,W353,2025-03-01,2026-02-28,365,363,361,0.989041095890411,361,0.989041095890411,361,0.989041095890411,361,0.989041095890411,363,0.9945205479452055
train,G093,W035,2025-03-01,2025-08-31,184,184,0,0.0,0,0.0,0,0.0,0,0.0,184,1.0
train,G093,W354,2025-03-01,2026-02-28,365,363,361,0.989041095890411,361,0.989041095890411,361,0.989041095890411,361,0.989041095890411,363,0.9945205479452055
train,G094,W355,2025-03-01,2026-02-28,365,363,301,0.8246575342465754,301,0.8246575342465754,301,0.8246575342465754,301,0.8246575342465754,361,0.989041095890411
train,G095,W356,2025-03-01,2026-02-28,365,363,294,0.8054794520547945,294,0.8054794520547945,294,0.8054794520547945,294,0.8054794520547945,363,0.9945205479452055
train,G096,W357,2025-03-01,2026-02-28,365,363,329,0.9013698630136986,329,0.9013698630136986,329,0.9013698630136986,329,0.9013698630136986,363,0.9945205479452055
train,G097,W358,2025-03-01,2026-02-28,365,363,329,0.9013698630136986,329,0.9013698630136986,329,0.9013698630136986,329,0.9013698630136986,363,0.9945205479452055
train,G098,W359,2025-03-01,2026-02-28,365,363,340,0.9315068493150684,340,0.9315068493150684,340,0.9315068493150684,340,0.9315068493150684,340,0.9315068493150684
train,G099,W360,2025-03-01,2026-02-28,365,363,344,0.9424657534246575,344,0.9424657534246575,344,0.9424657534246575,344,0.9424657534246575,344,0.9424657534246575
train,G100,W361,2025-03-01,2026-02-28,365,363,326,0.8931506849315068,326,0.8931506849315068,326,0.8931506849315068,326,0.8931506849315068,326,0.8931506849315068
train,G101,W362,2025-03-01,2026-02-28,365,363,338,0.9260273972602739,338,0.9260273972602739,338,0.9260273972602739,338,0.9260273972602739,363,0.9945205479452055
train,G101,W363,2025-03-01,2026-02-28,365,363,0,0.0,0,0.0,0,0.0,0,0.0,361,0.989041095890411
train,G102,W363,2025-03-01,2026-02-28,365,363,0,0.0,0,0.0,0,0.0,0,0.0,361,0.989041095890411
train,G102,W364,2025-03-01,2026-02-28,365,363,324,0.8876712328767123,324,0.8876712328767123,324,0.8876712328767123,324,0.8876712328767123,360,0.9863013698630136
train,G102,W365,2025-03-01,2026-02-28,365,363,0,0.0,0,0.0,0,0.0,0,0.0,359,0.9835616438356164
train,G103,W365,2025-03-01,2026-02-28,365,363,0,0.0,0,0.0,0,0.0,0,0.0,359,0.9835616438356164
train,G103,W366,2025-03-01,2026-02-28,365,363,310,0.8493150684931506,310,0.8493150684931506,310,0.8493150684931506,310,0.8493150684931506,360,0.9863013698630136
train,G104,W367,2025-03-01,2026-02-28,365,363,327,0.8958904109589041,327,0.8958904109589041,327,0.8958904109589041,327,0.8958904109589041,363,0.9945205479452055
train,G104,W368,2025-03-01,2026-02-28,365,363,0,0.0,0,0.0,0,0.0,0,0.0,361,0.989041095890411
train,G105,W368,2025-03-01,2026-02-28,365,363,0,0.0,0,0.0,0,0.0,0,0.0,361,0.989041095890411
train,G105,W369,2025-03-01,2026-02-28,365,363,225,0.6164383561643836,225,0.6164383561643836,225,0.6164383561643836,225,0.6164383561643836,363,0.9945205479452055
train,G105,W370,2025-03-01,2026-02-28,365,363,0,0.0,0,0.0,0,0.0,0,0.0,360,0.9863013698630136
train,G106,W370,2025-03-01,2026-02-28,365,363,0,0.0,0,0.0,0,0.0,0,0.0,360,0.9863013698630136
train,G106,W371,2025-03-01,2026-02-28,365,363,329,0.9013698630136986,329,0.9013698630136986,329,0.9013698630136986,329,0.9013698630136986,363,0.9945205479452055
train,G107,W372,2025-03-01,2026-02-28,365,363,348,0.9534246575342465,348,0.9534246575342465,348,0.9534246575342465,348,0.9534246575342465,363,0.9945205479452055
train,G107,W373,2025-03-01,2026-02-28,365,363,0,0.0,0,0.0,0,0.0,0,0.0,362,0.9917808219178083
train,G108,W373,2025-03-01,2026-02-28,365,363,0,0.0,0,0.0,0,0.0,0,0.0,362,0.9917808219178083
train,G108,W374,2025-03-01,2026-02-28,365,363,337,0.9232876712328767,337,0.9232876712328767,337,0.9232876712328767,337,0.9232876712328767,360,0.9863013698630136
train,G108,W375,2025-03-01,2026-02-28,365,363,0,0.0,0,0.0,0,0.0,0,0.0,357,0.9780821917808219
train,G109,W375,2025-03-01,2026-02-28,365,363,0,0.0,0,0.0,0,0.0,0,0.0,357,0.9780821917808219
train,G109,W376,2025-03-01,2026-02-28,365,363,348,0.9534246575342465,348,0.9534246575342465,348,0.9534246575342465,348,0.9534246575342465,362,0.9917808219178083
train,G109,W377,2025-03-01,2026-02-28,365,363,0,0.0,0,0.0,0,0.0,0,0.0,357,0.9780821917808219
train,G110,W377,2025-03-01,2026-02-28,365,363,0,0.0,0,0.0,0,0.0,0,0.0,357,0.9780821917808219
train,G110,W378,2025-03-01,2026-02-28,365,363,348,0.9534246575342465,348,0.9534246575342465,348,0.9534246575342465,348,0.9534246575342465,362,0.9917808219178083
train,G110,W379,2025-03-01,2026-02-28,365,363,0,0.0,0,0.0,0,0.0,0,0.0,360,0.9863013698630136
train,G111,W379,2025-03-01,2026-02-28,365,363,0,0.0,0,0.0,0,0.0,0,0.0,360,0.9863013698630136
train,G111,W380,2025-03-01,2026-02-28,365,363,328,0.8986301369863013,328,0.8986301369863013,328,0.8986301369863013,328,0.8986301369863013,362,0.9917808219178083
train,G111,W381,2025-03-01,2026-02-28,365,363,363,0.9945205479452055,363,0.9945205479452055,363,0.9945205479452055,363,0.9945205479452055,363,0.9945205479452055
train,G112,W381,2025-03-01,2026-02-28,365,363,363,0.9945205479452055,363,0.9945205479452055,363,0.9945205479452055,363,0.9945205479452055,363,0.9945205479452055
train,G112,W382,2025-03-01,2026-02-28,365,363,39,0.10684931506849316,39,0.10684931506849316,39,0.10684931506849316,39,0.10684931506849316,360,0.9863013698630136
test,G001,W241,2026-03-01,2026-05-31,92,92,92,1.0,92,1.0,92,1.0,92,1.0,92,1.0
test,G002,W242,2026-03-01,2026-05-31,92,92,88,0.9565217391304348,88,0.9565217391304348,88,0.9565217391304348,88,0.9565217391304348,91,0.9891304347826086
test,G003,W243,2026-03-01,2026-05-31,92,92,92,1.0,92,1.0,92,1.0,92,1.0,92,1.0
test,G004,W244,2026-03-01,2026-05-31,92,92,92,1.0,92,1.0,92,1.0,92,1.0,92,1.0
test,G005,W245,2026-03-01,2026-05-31,92,92,92,1.0,92,1.0,92,1.0,92,1.0,92,1.0
test,G006,W246,2026-03-01,2026-05-31,92,92,92,1.0,92,1.0,92,1.0,92,1.0,92,1.0
test,G007,W247,2026-03-01,2026-05-31,92,92,92,1.0,92,1.0,92,1.0,92,1.0,92,1.0
test,G008,W248,2026-03-01,2026-05-31,92,92,92,1.0,92,1.0,92,1.0,92,1.0,92,1.0
test,G009,W249,2026-03-01,2026-05-31,92,92,92,1.0,92,1.0,92,1.0,92,1.0,92,1.0
test,G010,W250,2026-03-01,2026-05-31,92,92,92,1.0,92,1.0,92,1.0,92,1.0,92,1.0
test,G011,W251,2026-03-01,2026-05-31,92,92,92,1.0,92,1.0,92,1.0,92,1.0,92,1.0
test,G012,W252,2026-03-01,2026-05-31,92,92,82,0.8913043478260869,82,0.8913043478260869,82,0.8913043478260869,82,0.8913043478260869,92,1.0
test,G013,W253,2026-03-01,2026-05-31,92,92,92,1.0,92,1.0,92,1.0,92,1.0,92,1.0
test,G014,W254,2026-03-01,2026-05-31,92,92,92,1.0,92,1.0,92,1.0,92,1.0,92,1.0
test,G015,W255,2026-03-01,2026-05-31,92,92,0,0.0,0,0.0,0,0.0,0,0.0,92,1.0
test,G016,W256,2026-03-01,2026-05-31,92,92,92,1.0,92,1.0,92,1.0,92,1.0,92,1.0
test,G017,W257,2026-03-01,2026-05-31,92,92,92,1.0,92,1.0,92,1.0,92,1.0,92,1.0
test,G018,W258,2026-03-01,2026-05-31,92,92,92,1.0,92,1.0,92,1.0,92,1.0,92,1.0
test,G019,W259,2026-03-01,2026-05-31,92,92,92,1.0,92,1.0,92,1.0,92,1.0,92,1.0
test,G020,W260,2026-03-01,2026-05-31,92,92,92,1.0,92,1.0,92,1.0,92,1.0,92,1.0
test,G021,W261,2026-03-01,2026-05-31,92,92,92,1.0,92,1.0,92,1.0,92,1.0,92,1.0
test,G022,W262,2026-03-01,2026-05-31,92,92,92,1.0,92,1.0,92,1.0,92,1.0,92,1.0
test,G023,W263,2026-03-01,2026-05-31,92,92,92,1.0,92,1.0,92,1.0,92,1.0,92,1.0
test,G023,W293,2026-03-01,2026-05-31,92,92,0,0.0,0,0.0,0,0.0,0,0.0,91,0.9891304347826086
test,G024,W264,2026-03-01,2026-05-31,92,92,78,0.8478260869565217,78,0.8478260869565217,78,0.8478260869565217,78,0.8478260869565217,91,0.9891304347826086
test,G024,W293,2026-03-01,2026-05-31,92,92,0,0.0,0,0.0,0,0.0,0,0.0,91,0.9891304347826086
test,G025,W265,2026-03-01,2026-05-31,92,92,69,0.75,69,0.75,69,0.75,69,0.75,91,0.9891304347826086
test,G025,W294,2026-03-01,2026-05-31,92,92,0,0.0,0,0.0,0,0.0,0,0.0,92,1.0
test,G026,W266,2026-03-01,2026-05-31,92,92,81,0.8804347826086957,81,0.8804347826086957,81,0.8804347826086957,81,0.8804347826086957,90,0.9782608695652174
test,G026,W294,2026-03-01,2026-05-31,92,92,0,0.0,0,0.0,0,0.0,0,0.0,92,1.0
test,G027,W268,2026-03-01,2026-05-31,92,92,92,1.0,92,1.0,92,1.0,92,1.0,92,1.0
test,G028,W269,2026-03-01,2026-05-31,92,92,79,0.8586956521739131,79,0.8586956521739131,79,0.8586956521739131,79,0.8586956521739131,91,0.9891304347826086
test,G029,W270,2026-03-01,2026-05-31,92,92,92,1.0,92,1.0,92,1.0,92,1.0,92,1.0
test,G030,W271,2026-03-01,2026-05-31,92,92,41,0.44565217391304346,41,0.44565217391304346,41,0.44565217391304346,41,0.44565217391304346,92,1.0
test,G030,W295,2026-03-01,2026-05-31,92,92,0,0.0,0,0.0,0,0.0,0,0.0,92,1.0
test,G031,W272,2026-03-01,2026-05-31,92,92,91,0.9891304347826086,91,0.9891304347826086,91,0.9891304347826086,91,0.9891304347826086,92,1.0
test,G031,W295,2026-03-01,2026-05-31,92,92,0,0.0,0,0.0,0,0.0,0,0.0,92,1.0
test,G032,W273,2026-03-01,2026-05-31,92,92,85,0.9239130434782609,85,0.9239130434782609,85,0.9239130434782609,85,0.9239130434782609,92,1.0
test,G032,W296,2026-03-01,2026-05-31,92,92,0,0.0,0,0.0,0,0.0,0,0.0,92,1.0
test,G033,W274,2026-03-01,2026-05-31,92,92,88,0.9565217391304348,88,0.9565217391304348,88,0.9565217391304348,88,0.9565217391304348,92,1.0
test,G033,W296,2026-03-01,2026-05-31,92,92,0,0.0,0,0.0,0,0.0,0,0.0,92,1.0
test,G034,W275,2026-03-01,2026-05-31,92,92,92,1.0,92,1.0,92,1.0,92,1.0,92,1.0
test,G035,W276,2026-03-01,2026-05-31,92,92,87,0.9456521739130435,87,0.9456521739130435,87,0.9456521739130435,87,0.9456521739130435,92,1.0
test,G036,W277,2026-03-01,2026-05-31,92,92,92,1.0,92,1.0,92,1.0,92,1.0,92,1.0
test,G037,W278,2026-03-01,2026-05-31,92,92,92,1.0,92,1.0,92,1.0,92,1.0,92,1.0
test,G038,W279,2026-03-01,2026-05-31,92,92,75,0.8152173913043478,75,0.8152173913043478,75,0.8152173913043478,75,0.8152173913043478,92,1.0
test,G039,W280,2026-03-01,2026-05-31,92,92,87,0.9456521739130435,87,0.9456521739130435,87,0.9456521739130435,87,0.9456521739130435,92,1.0
test,G040,W281,2026-03-01,2026-05-31,92,92,91,0.9891304347826086,91,0.9891304347826086,91,0.9891304347826086,91,0.9891304347826086,92,1.0
test,G041,W282,2026-03-01,2026-05-31,92,92,73,0.7934782608695652,73,0.7934782608695652,73,0.7934782608695652,73,0.7934782608695652,92,1.0
test,G042,W267,2026-03-01,2026-05-31,92,92,85,0.9239130434782609,85,0.9239130434782609,85,0.9239130434782609,85,0.9239130434782609,92,1.0
test,G042,W283,2026-03-01,2026-05-31,92,92,92,1.0,92,1.0,92,1.0,92,1.0,92,1.0
test,G043,W287,2026-03-01,2026-05-31,92,92,92,1.0,92,1.0,92,1.0,92,1.0,92,1.0
test,G044,W288,2026-03-01,2026-05-31,92,92,92,1.0,92,1.0,92,1.0,92,1.0,92,1.0
test,G045,W289,2026-03-01,2026-05-31,92,92,92,1.0,92,1.0,92,1.0,92,1.0,92,1.0
test,G046,W290,2026-03-01,2026-05-31,92,92,92,1.0,92,1.0,92,1.0,92,1.0,92,1.0
test,G047,W291,2026-03-01,2026-05-31,92,92,83,0.9021739130434783,83,0.9021739130434783,83,0.9021739130434783,83,0.9021739130434783,90,0.9782608695652174
test,G048,W292,2026-03-01,2026-05-31,92,92,87,0.9456521739130435,87,0.9456521739130435,87,0.9456521739130435,87,0.9456521739130435,92,1.0
test,G049,W297,2026-03-01,2026-05-31,92,92,92,1.0,92,1.0,92,1.0,92,1.0,92,1.0
test,G050,W298,2026-03-01,2026-05-31,92,92,89,0.967391304347826,89,0.967391304347826,89,0.967391304347826,89,0.967391304347826,92,1.0
test,G051,W299,2026-03-01,2026-05-31,92,92,0,0.0,0,0.0,0,0.0,0,0.0,92,1.0
test,G051,W344,2026-03-01,2026-05-31,92,92,92,1.0,92,1.0,92,1.0,92,1.0,92,1.0
test,G051,W345,2026-03-01,2026-05-31,92,92,90,0.9782608695652174,90,0.9782608695652174,90,0.9782608695652174,90,0.9782608695652174,91,0.9891304347826086
test,G052,W300,2026-03-01,2026-05-31,92,92,92,1.0,92,1.0,92,1.0,92,1.0,92,1.0
test,G052,W346,2026-03-01,2026-05-31,92,92,92,1.0,92,1.0,92,1.0,92,1.0,92,1.0
test,G052,W347,2026-03-01,2026-05-31,92,92,92,1.0,92,1.0,92,1.0,92,1.0,92,1.0
test,G053,W301,2026-03-01,2026-05-31,92,92,92,1.0,92,1.0,92,1.0,92,1.0,92,1.0
test,G053,W347,2026-03-01,2026-05-31,92,92,92,1.0,92,1.0,92,1.0,92,1.0,92,1.0
test,G053,W348,2026-03-01,2026-05-31,92,92,0,0.0,0,0.0,0,0.0,0,0.0,92,1.0
test,G054,W302,2026-03-01,2026-05-31,92,92,24,0.2608695652173913,24,0.2608695652173913,24,0.2608695652173913,24,0.2608695652173913,81,0.8804347826086957
test,G054,W348,2026-03-01,2026-05-31,92,92,0,0.0,0,0.0,0,0.0,0,0.0,92,1.0
test,G054,W349,2026-03-01,2026-05-31,92,92,0,0.0,0,0.0,0,0.0,0,0.0,92,1.0
test,G055,W303,2026-03-01,2026-05-31,92,92,81,0.8804347826086957,81,0.8804347826086957,81,0.8804347826086957,81,0.8804347826086957,83,0.9021739130434783
test,G055,W349,2026-03-01,2026-05-31,92,92,0,0.0,0,0.0,0,0.0,0,0.0,92,1.0
test,G055,W350,2026-03-01,2026-05-31,92,92,46,0.5,46,0.5,46,0.5,46,0.5,92,1.0
test,G056,W350,2026-03-01,2026-05-31,92,92,46,0.5,46,0.5,46,0.5,46,0.5,92,1.0
test,G056,W351,2026-03-01,2026-05-31,92,92,0,0.0,0,0.0,0,0.0,0,0.0,11,0.11956521739130435
test,G057,W305,2026-03-01,2026-05-31,92,92,92,1.0,92,1.0,92,1.0,92,1.0,92,1.0
test,G057,W351,2026-03-01,2026-05-31,92,92,0,0.0,0,0.0,0,0.0,0,0.0,11,0.11956521739130435
test,G058,W306,2026-03-01,2026-05-31,92,92,92,1.0,92,1.0,92,1.0,92,1.0,92,1.0
test,G059,W307,2026-03-01,2026-05-31,92,92,92,1.0,92,1.0,92,1.0,92,1.0,92,1.0
test,G060,W308,2026-03-01,2026-05-31,92,92,74,0.8043478260869565,74,0.8043478260869565,74,0.8043478260869565,74,0.8043478260869565,89,0.967391304347826
test,G061,W309,2026-03-01,2026-05-31,92,92,76,0.8260869565217391,76,0.8260869565217391,76,0.8260869565217391,76,0.8260869565217391,92,1.0
test,G062,W310,2026-03-01,2026-05-31,92,92,76,0.8260869565217391,76,0.8260869565217391,76,0.8260869565217391,76,0.8260869565217391,92,1.0
test,G063,W311,2026-03-01,2026-05-31,92,92,76,0.8260869565217391,76,0.8260869565217391,76,0.8260869565217391,76,0.8260869565217391,92,1.0
test,G064,W312,2026-03-01,2026-05-31,92,92,92,1.0,92,1.0,92,1.0,92,1.0,92,1.0
test,G064,W335,2026-03-01,2026-05-31,92,92,41,0.44565217391304346,41,0.44565217391304346,41,0.44565217391304346,41,0.44565217391304346,92,1.0
test,G064,W336,2026-03-01,2026-05-31,92,92,27,0.29347826086956524,27,0.29347826086956524,27,0.29347826086956524,27,0.29347826086956524,92,1.0
test,G065,W313,2026-03-01,2026-05-31,92,92,85,0.9239130434782609,85,0.9239130434782609,85,0.9239130434782609,85,0.9239130434782609,92,1.0
test,G066,W314,2026-03-01,2026-05-31,92,92,82,0.8913043478260869,82,0.8913043478260869,82,0.8913043478260869,82,0.8913043478260869,92,1.0
test,G067,W315,2026-03-01,2026-05-31,92,92,92,1.0,92,1.0,92,1.0,92,1.0,92,1.0
test,G067,W345,2026-03-01,2026-05-31,92,92,90,0.9782608695652174,90,0.9782608695652174,90,0.9782608695652174,90,0.9782608695652174,91,0.9891304347826086
test,G067,W346,2026-03-01,2026-05-31,92,92,92,1.0,92,1.0,92,1.0,92,1.0,92,1.0
test,G068,W316,2026-03-01,2026-05-31,92,92,79,0.8586956521739131,79,0.8586956521739131,79,0.8586956521739131,79,0.8586956521739131,92,1.0
test,G069,W317,2026-03-01,2026-05-31,92,92,92,1.0,92,1.0,92,1.0,92,1.0,92,1.0
test,G070,W318,2026-03-01,2026-05-31,92,92,79,0.8586956521739131,79,0.8586956521739131,79,0.8586956521739131,79,0.8586956521739131,92,1.0
test,G071,W319,2026-03-01,2026-05-31,92,92,74,0.8043478260869565,74,0.8043478260869565,74,0.8043478260869565,74,0.8043478260869565,91,0.9891304347826086
test,G072,W320,2026-03-01,2026-05-31,92,92,36,0.391304347826087,36,0.391304347826087,36,0.391304347826087,36,0.391304347826087,88,0.9565217391304348
test,G073,W321,2026-03-01,2026-05-31,92,92,82,0.8913043478260869,82,0.8913043478260869,82,0.8913043478260869,82,0.8913043478260869,92,1.0
test,G074,W322,2026-03-01,2026-05-31,92,92,92,1.0,92,1.0,92,1.0,92,1.0,92,1.0
test,G075,W323,2026-03-01,2026-05-31,92,92,83,0.9021739130434783,83,0.9021739130434783,83,0.9021739130434783,83,0.9021739130434783,92,1.0
test,G076,W324,2026-03-01,2026-05-31,92,92,92,1.0,92,1.0,92,1.0,92,1.0,92,1.0
test,G077,W325,2026-03-01,2026-05-31,92,92,92,1.0,92,1.0,92,1.0,92,1.0,92,1.0
test,G078,W326,2026-03-01,2026-05-31,92,92,86,0.9347826086956522,86,0.9347826086956522,86,0.9347826086956522,86,0.9347826086956522,88,0.9565217391304348
test,G079,W327,2026-03-01,2026-05-31,92,92,85,0.9239130434782609,85,0.9239130434782609,85,0.9239130434782609,85,0.9239130434782609,92,1.0
test,G079,W338,2026-03-01,2026-05-31,92,92,11,0.11956521739130435,11,0.11956521739130435,11,0.11956521739130435,11,0.11956521739130435,92,1.0
test,G080,W328,2026-03-01,2026-05-31,92,92,92,1.0,92,1.0,92,1.0,92,1.0,92,1.0
test,G080,W334,2026-03-01,2026-05-31,92,92,0,0.0,0,0.0,0,0.0,0,0.0,69,0.75
test,G081,W329,2026-03-01,2026-05-31,92,92,92,1.0,92,1.0,92,1.0,92,1.0,92,1.0
test,G081,W334,2026-03-01,2026-05-31,92,92,0,0.0,0,0.0,0,0.0,0,0.0,69,0.75
test,G081,W335,2026-03-01,2026-05-31,92,92,41,0.44565217391304346,41,0.44565217391304346,41,0.44565217391304346,41,0.44565217391304346,92,1.0
test,G082,W330,2026-03-01,2026-05-31,92,92,92,1.0,92,1.0,92,1.0,92,1.0,92,1.0
test,G082,W336,2026-03-01,2026-05-31,92,92,27,0.29347826086956524,27,0.29347826086956524,27,0.29347826086956524,27,0.29347826086956524,92,1.0
test,G083,W331,2026-03-01,2026-05-31,92,92,85,0.9239130434782609,85,0.9239130434782609,85,0.9239130434782609,85,0.9239130434782609,92,1.0
test,G084,W332,2026-03-01,2026-05-31,92,92,85,0.9239130434782609,85,0.9239130434782609,85,0.9239130434782609,85,0.9239130434782609,92,1.0
test,G084,W337,2026-03-01,2026-05-31,92,92,0,0.0,0,0.0,0,0.0,0,0.0,69,0.75
test,G085,W333,2026-03-01,2026-05-31,92,92,92,1.0,92,1.0,92,1.0,92,1.0,92,1.0
test,G085,W337,2026-03-01,2026-05-31,92,92,0,0.0,0,0.0,0,0.0,0,0.0,69,0.75
test,G086,W338,2026-03-01,2026-05-31,92,92,11,0.11956521739130435,11,0.11956521739130435,11,0.11956521739130435,11,0.11956521739130435,92,1.0
test,G086,W339,2026-03-01,2026-05-31,92,92,87,0.9456521739130435,87,0.9456521739130435,87,0.9456521739130435,87,0.9456521739130435,92,1.0
test,G087,W340,2026-03-01,2026-05-31,92,92,76,0.8260869565217391,76,0.8260869565217391,76,0.8260869565217391,76,0.8260869565217391,86,0.9347826086956522
test,G088,W341,2026-03-01,2026-05-31,92,92,92,1.0,92,1.0,92,1.0,92,1.0,92,1.0
test,G089,W342,2026-03-01,2026-05-31,92,92,81,0.8804347826086957,81,0.8804347826086957,81,0.8804347826086957,81,0.8804347826086957,91,0.9891304347826086
test,G090,W343,2026-03-01,2026-05-31,92,92,81,0.8804347826086957,81,0.8804347826086957,81,0.8804347826086957,81,0.8804347826086957,91,0.9891304347826086
test,G091,W352,2026-03-01,2026-05-31,92,92,83,0.9021739130434783,83,0.9021739130434783,83,0.9021739130434783,83,0.9021739130434783,92,1.0
test,G092,W353,2026-03-01,2026-05-31,92,92,80,0.8695652173913043,80,0.8695652173913043,80,0.8695652173913043,80,0.8695652173913043,92,1.0
test,G093,W354,2026-03-01,2026-05-31,92,92,80,0.8695652173913043,80,0.8695652173913043,80,0.8695652173913043,80,0.8695652173913043,91,0.9891304347826086
test,G094,W355,2026-03-01,2026-05-31,92,92,68,0.7391304347826086,68,0.7391304347826086,68,0.7391304347826086,68,0.7391304347826086,90,0.9782608695652174
test,G095,W356,2026-03-01,2026-05-31,92,92,76,0.8260869565217391,76,0.8260869565217391,76,0.8260869565217391,76,0.8260869565217391,91,0.9891304347826086
test,G096,W357,2026-03-01,2026-05-31,92,92,77,0.8369565217391305,77,0.8369565217391305,77,0.8369565217391305,77,0.8369565217391305,90,0.9782608695652174
test,G097,W358,2026-03-01,2026-05-31,92,92,88,0.9565217391304348,88,0.9565217391304348,88,0.9565217391304348,88,0.9565217391304348,91,0.9891304347826086
test,G098,W359,2026-03-01,2026-05-31,92,92,82,0.8913043478260869,82,0.8913043478260869,82,0.8913043478260869,82,0.8913043478260869,82,0.8913043478260869
test,G099,W360,2026-03-01,2026-05-31,92,92,78,0.8478260869565217,78,0.8478260869565217,78,0.8478260869565217,78,0.8478260869565217,78,0.8478260869565217
test,G100,W361,2026-03-01,2026-05-31,92,92,64,0.6956521739130435,64,0.6956521739130435,64,0.6956521739130435,64,0.6956521739130435,71,0.7717391304347826
test,G101,W362,2026-03-01,2026-05-31,92,92,90,0.9782608695652174,90,0.9782608695652174,90,0.9782608695652174,90,0.9782608695652174,92,1.0
test,G101,W363,2026-03-01,2026-05-31,92,92,0,0.0,0,0.0,0,0.0,0,0.0,92,1.0
test,G102,W363,2026-03-01,2026-05-31,92,92,0,0.0,0,0.0,0,0.0,0,0.0,92,1.0
test,G102,W364,2026-03-01,2026-05-31,92,92,79,0.8586956521739131,79,0.8586956521739131,79,0.8586956521739131,79,0.8586956521739131,92,1.0
test,G102,W365,2026-03-01,2026-05-31,92,92,0,0.0,0,0.0,0,0.0,0,0.0,92,1.0
test,G103,W365,2026-03-01,2026-05-31,92,92,0,0.0,0,0.0,0,0.0,0,0.0,92,1.0
test,G103,W366,2026-03-01,2026-05-31,92,92,80,0.8695652173913043,80,0.8695652173913043,80,0.8695652173913043,80,0.8695652173913043,92,1.0
test,G104,W367,2026-03-01,2026-05-31,92,92,76,0.8260869565217391,76,0.8260869565217391,76,0.8260869565217391,76,0.8260869565217391,91,0.9891304347826086
test,G104,W368,2026-03-01,2026-05-31,92,92,0,0.0,0,0.0,0,0.0,0,0.0,91,0.9891304347826086
test,G105,W368,2026-03-01,2026-05-31,92,92,0,0.0,0,0.0,0,0.0,0,0.0,91,0.9891304347826086
test,G105,W369,2026-03-01,2026-05-31,92,92,77,0.8369565217391305,77,0.8369565217391305,77,0.8369565217391305,77,0.8369565217391305,92,1.0
test,G105,W370,2026-03-01,2026-05-31,92,92,0,0.0,0,0.0,0,0.0,0,0.0,91,0.9891304347826086
test,G106,W370,2026-03-01,2026-05-31,92,92,0,0.0,0,0.0,0,0.0,0,0.0,91,0.9891304347826086
test,G106,W371,2026-03-01,2026-05-31,92,92,77,0.8369565217391305,77,0.8369565217391305,77,0.8369565217391305,77,0.8369565217391305,91,0.9891304347826086
test,G107,W372,2026-03-01,2026-05-31,92,92,88,0.9565217391304348,88,0.9565217391304348,88,0.9565217391304348,88,0.9565217391304348,91,0.9891304347826086
test,G107,W373,2026-03-01,2026-05-31,92,92,0,0.0,0,0.0,0,0.0,0,0.0,91,0.9891304347826086
test,G108,W373,2026-03-01,2026-05-31,92,92,0,0.0,0,0.0,0,0.0,0,0.0,91,0.9891304347826086
test,G108,W374,2026-03-01,2026-05-31,92,92,88,0.9565217391304348,88,0.9565217391304348,88,0.9565217391304348,88,0.9565217391304348,91,0.9891304347826086
test,G108,W375,2026-03-01,2026-05-31,92,92,0,0.0,0,0.0,0,0.0,0,0.0,90,0.9782608695652174
test,G109,W375,2026-03-01,2026-05-31,92,92,0,0.0,0,0.0,0,0.0,0,0.0,90,0.9782608695652174
test,G109,W376,2026-03-01,2026-05-31,92,92,88,0.9565217391304348,88,0.9565217391304348,88,0.9565217391304348,88,0.9565217391304348,91,0.9891304347826086
test,G109,W377,2026-03-01,2026-05-31,92,92,0,0.0,0,0.0,0,0.0,0,0.0,91,0.9891304347826086
test,G110,W377,2026-03-01,2026-05-31,92,92,0,0.0,0,0.0,0,0.0,0,0.0,91,0.9891304347826086
test,G110,W378,2026-03-01,2026-05-31,92,92,79,0.8586956521739131,79,0.8586956521739131,79,0.8586956521739131,79,0.8586956521739131,85,0.9239130434782609
test,G110,W379,2026-03-01,2026-05-31,92,92,0,0.0,0,0.0,0,0.0,0,0.0,92,1.0
test,G111,W379,2026-03-01,2026-05-31,92,92,0,0.0,0,0.0,0,0.0,0,0.0,92,1.0
test,G111,W380,2026-03-01,2026-05-31,92,92,81,0.8804347826086957,81,0.8804347826086957,81,0.8804347826086957,81,0.8804347826086957,84,0.9130434782608695
test,G111,W381,2026-03-01,2026-05-31,92,92,62,0.6739130434782609,62,0.6739130434782609,62,0.6739130434782609,62,0.6739130434782609,85,0.9239130434782609
test,G112,W381,2026-03-01,2026-05-31,92,92,62,0.6739130434782609,62,0.6739130434782609,62,0.6739130434782609,62,0.6739130434782609,85,0.9239130434782609
test,G112,W382,2026-03-01,2026-05-31,92,92,0,0.0,0,0.0,0,0.0,0,0.0,92,1.0
