WELL_GROUP_ID,WELL_GROUP_NAME,WELL_ID,WELL_NAME,WELL_PURPOSE,CANTON,ORG_NAME,BLOCK,CONVERT_DATE,PROD_DATE
GI034,G034,WI275,W275,生产井,区域1,站点1,区块1,2013/01/08 00:00:00,2026/01/11 00:00:00
GI035,G035,WI276,W276,生产井,区域1,站点1,区块1,2013/01/08 00:00:00,2026/01/11 00:00:00
GI041,G041,WI282,W282,生产井,区域1,站点1,区块1,2013/01/08 00:00:00,2026/01/11 00:00:00
GI039,G039,WI280,W280,生产井,区域1,站点1,区块1,2013/01/08 00:00:00,2026/01/11 00:00:00
GI040,G040,WI281,W281,生产井,区域1,站点1,区块1,2013/01/08 00:00:00,2026/01/11 00:00:00
GI043,G043,WI001,W001,注汽井,区域1,站点1,区块1,2022/01/01 00:00:00,2026/01/11 00:00:00
GI043,G043,WI002,W002,注汽井,区域1,站点1,区块1,2022/01/01 00:00:00,2026/01/11 00:00:00
GI044,G044,WI002,W002,注汽井,区域1,站点1,区块1,2022/01/01 00:00:00,2026/01/11 00:00:00
GI043,G043,WI011,W011,注汽井,区域1,站点1,区块1,2022/01/01 00:00:00,2026/01/11 00:00:00
GI044,G044,WI011,W011,注汽井,区域1,站点1,区块1,2022/01/01 00:00:00,2026/01/11 00:00:00
GI044,G044,WI003,W003,注汽井,区域1,站点1,区块1,2022/01/01 00:00:00,2026/01/11 00:00:00
GI045,G045,WI003,W003,注汽井,区域1,站点1,区块1,2022/01/01 00:00:00,2026/01/11 00:00:00
GI001,G001,WI025,W025,注汽井,区域1,站点1,区块1,2020/01/11 00:00:00,2026/01/11 00:00:00
GI072,G072,WI029,W029,注汽井,区域1,站点1,区块1,2023/01/03 00:00:00,2026/01/11 00:00:00
GI087,G087,WI066,W066,注汽井,区域1,站点1,区块1,2023/01/03 00:00:00,2026/01/11 00:00:00
GI080,G080,WI328,W328,生产井,区域1,站点1,区块1,2023/01/03 00:00:00,2026/01/11 00:00:00
GI083,G083,WI331,W331,生产井,区域1,站点1,区块1,2023/01/03 00:00:00,2026/01/11 00:00:00
GI084,G084,WI332,W332,生产井,区域1,站点1,区块1,2023/01/03 00:00:00,2026/01/11 00:00:00
GI082,G082,WI330,W330,生产井,区域1,站点1,区块1,2024/01/05 00:00:00,2026/01/11 00:00:00
GI085,G085,WI333,W333,生产井,区域1,站点1,区块1,2024/01/05 00:00:00,2026/01/11 00:00:00
GI081,G081,WI329,W329,生产井,区域1,站点1,区块1,2024/01/05 00:00:00,2026/01/11 00:00:00
GI017,G017,WI132,W132,注汽井,区域1,站点1,区块1,2024/01/04 00:00:00,2026/01/11 00:00:00
GI018,G018,WI141,W141,注汽井,区域1,站点1,区块1,2024/01/04 00:00:00,2026/01/11 00:00:00
GI018,G018,WI139,W139,注汽井,区域1,站点1,区块1,2024/01/04 00:00:00,2026/01/11 00:00:00
GI018,G018,WI140,W140,注汽井,区域1,站点1,区块1,2024/01/04 00:00:00,2026/01/11 00:00:00
GI045,G045,WI004,W004,注汽井,区域1,站点1,区块1,2022/01/01 00:00:00,2026/01/11 00:00:00
GI046,G046,WI004,W004,注汽井,区域1,站点1,区块1,2022/01/01 00:00:00,2026/01/11 00:00:00
GI045,G045,WI017,W017,注汽井,区域1,站点1,区块1,2022/01/01 00:00:00,2026/01/11 00:00:00
GI046,G046,WI017,W017,注汽井,区域1,站点1,区块1,2022/01/01 00:00:00,2026/01/11 00:00:00
GI047,G047,WI023,W023,注汽井,区域1,站点1,区块1,2022/01/01 00:00:00,2026/01/11 00:00:00
GI048,G048,WI023,W023,注汽井,区域1,站点1,区块1,2022/01/01 00:00:00,2026/01/11 00:00:00
GI044,G044,WI014,W014,注汽井,区域1,站点1,区块1,2022/01/01 00:00:00,2026/01/11 00:00:00
GI045,G045,WI014,W014,注汽井,区域1,站点1,区块1,2022/01/01 00:00:00,2026/01/11 00:00:00
GI047,G047,WI022,W022,注汽井,区域1,站点1,区块1,2022/01/01 00:00:00,2026/01/11 00:00:00
GI048,G048,WI022,W022,注汽井,区域1,站点1,区块1,2022/01/01 00:00:00,2026/01/11 00:00:00
GI046,G046,WI020,W020,注汽井,区域1,站点1,区块1,2022/01/01 00:00:00,2026/01/11 00:00:00
GI047,G047,WI020,W020,注汽井,区域1,站点1,区块1,2022/01/01 00:00:00,2026/01/11 00:00:00
GI047,G047,WI006,W006,注汽井,区域1,站点1,区块1,2022/01/01 00:00:00,2026/01/11 00:00:00
GI048,G048,WI006,W006,注汽井,区域1,站点1,区块1,2022/01/01 00:00:00,2026/01/11 00:00:00
GI046,G046,WI005,W005,注汽井,区域1,站点1,区块1,2022/01/01 00:00:00,2026/01/11 00:00:00
GI047,G047,WI005,W005,注汽井,区域1,站点1,区块1,2022/01/01 00:00:00,2026/01/11 00:00:00
GI010,G010,WI088,W088,注汽井,区域1,站点1,区块1,2024/01/04 00:00:00,2026/01/11 00:00:00
GI050,G050,WI298,W298,生产井,区域1,站点1,区块1,2023/01/03 00:00:00,2026/01/11 00:00:00
GI065,G065,WI313,W313,生产井,区域1,站点1,区块1,2023/01/03 00:00:00,2026/01/11 00:00:00
GI052,G052,WI300,W300,生产井,区域1,站点1,区块1,2024/01/05 00:00:00,2026/01/11 00:00:00
GI053,G053,WI301,W301,生产井,区域1,站点1,区块1,2024/01/05 00:00:00,2026/01/11 00:00:00
GI049,G049,WI297,W297,生产井,区域1,站点1,区块1,2023/01/03 00:00:00,2026/01/11 00:00:00
GI091,G091,WI037,W037,注汽井,区域1,站点1,区块1,2022/01/03 00:00:00,2026/01/11 00:00:00
GI092,G092,WI037,W037,注汽井,区域1,站点1,区块1,2022/01/03 00:00:00,2026/01/11 00:00:00
GI063,G063,WI038,W038,注汽井,区域1,站点1,区块1,2022/01/03 00:00:00,2026/01/11 00:00:00
GI091,G091,WI038,W038,注汽井,区域1,站点1,区块1,2022/01/03 00:00:00,2026/01/11 00:00:00
GI030,G030,WI271,W271,生产井,区域1,站点1,区块1,2024/01/07 00:00:00,2026/01/11 00:00:00
GI031,G031,WI272,W272,生产井,区域1,站点1,区块1,2024/01/07 00:00:00,2026/01/11 00:00:00
GI022,G022,WI146,W146,注汽井,区域1,站点1,区块1,2024/01/04 00:00:00,2026/01/11 00:00:00
GI022,G022,WI060,W060,注汽井,区域1,站点1,区块1,2024/01/04 00:00:00,2026/01/11 00:00:00
GI022,G022,WI145,W145,注汽井,区域1,站点1,区块1,2024/01/04 00:00:00,2026/01/11 00:00:00
GI022,G022,WI059,W059,注汽井,区域1,站点1,区块1,2024/01/04 00:00:00,2026/01/11 00:00:00
GI014,G014,WI127,W127,注汽井,区域1,站点1,区块1,2024/01/04 00:00:00,2026/01/11 00:00:00
GI014,G014,WI128,W128,注汽井,区域1,站点1,区块1,2024/01/04 00:00:00,2026/01/11 00:00:00
GI012,G012,WI042,W042,注汽井,区域1,站点1,区块1,2024/01/04 00:00:00,2026/01/11 00:00:00
GI014,G014,WI043,W043,注汽井,区域1,站点1,区块1,2024/01/04 00:00:00,2026/01/11 00:00:00
GI013,G013,WI118,W118,注汽井,区域1,站点1,区块1,2024/01/04 00:00:00,2026/01/11 00:00:00
GI011,G011,WI226,W226,注汽井,区域1,站点1,区块1,2024/01/04 00:00:00,2026/01/11 00:00:00
GI012,G012,WI226,W226,注汽井,区域1,站点1,区块1,2024/01/04 00:00:00,2026/01/11 00:00:00
GI006,G006,WI026,W026,注汽井,区域1,站点1,区块1,2020/01/11 00:00:00,2026/01/11 00:00:00
GI001,G001,WI227,W227,注汽井,区域1,站点1,区块1,2020/01/11 00:00:00,2026/01/11 00:00:00
GI002,G002,WI227,W227,注汽井,区域1,站点1,区块1,2020/01/11 00:00:00,2026/01/11 00:00:00
GI001,G001,WI232,W232,注汽井,区域1,站点1,区块1,2020/01/11 00:00:00,2026/01/11 00:00:00
GI002,G002,WI232,W232,注汽井,区域1,站点1,区块1,2020/01/11 00:00:00,2026/01/11 00:00:00
GI027,G027,WI268,W268,生产井,区域1,站点1,区块1,2016/01/08 00:00:00,2026/01/11 00:00:00
GI029,G029,WI270,W270,生产井,区域1,站点1,区块1,2016/01/08 00:00:00,2026/01/11 00:00:00
GI028,G028,WI269,W269,生产井,区域1,站点1,区块1,2016/01/08 00:00:00,2026/01/11 00:00:00
GI010,G010,WI039,W039,注汽井,区域1,站点1,区块1,2024/01/04 00:00:00,2026/01/11 00:00:00
GI012,G012,WI089,W089,注汽井,区域1,站点1,区块1,2024/01/04 00:00:00,2026/01/11 00:00:00
GI011,G011,WI041,W041,注汽井,区域1,站点1,区块1,2024/01/04 00:00:00,2026/01/11 00:00:00
GI012,G012,WI041,W041,注汽井,区域1,站点1,区块1,2024/01/04 00:00:00,2026/01/11 00:00:00
GI010,G010,WI225,W225,注汽井,区域1,站点1,区块1,2024/01/04 00:00:00,2026/01/11 00:00:00
GI025,G025,WI294,W294,注汽井,区域1,站点1,区块1,2024/01/10 00:00:00,2026/01/11 00:00:00
GI026,G026,WI294,W294,注汽井,区域1,站点1,区块1,2024/01/10 00:00:00,2026/01/11 00:00:00
GI023,G023,WI293,W293,注汽井,区域1,站点1,区块1,2024/01/07 00:00:00,2026/01/11 00:00:00
GI024,G024,WI293,W293,注汽井,区域1,站点1,区块1,2024/01/07 00:00:00,2026/01/11 00:00:00
GI030,G030,WI295,W295,注汽井,区域1,站点1,区块1,2024/01/07 00:00:00,2026/01/11 00:00:00
GI031,G031,WI295,W295,注汽井,区域1,站点1,区块1,2024/01/07 00:00:00,2026/01/11 00:00:00
GI032,G032,WI296,W296,注汽井,区域1,站点1,区块1,2024/01/11 00:00:00,2026/01/11 00:00:00
GI033,G033,WI296,W296,注汽井,区域1,站点1,区块1,2024/01/11 00:00:00,2026/01/11 00:00:00
GI015,G015,WI052,W052,注汽井,区域1,站点1,区块1,2024/01/04 00:00:00,2026/01/11 00:00:00
GI092,G092,WI036,W036,注汽井,区域1,站点1,区块1,2022/01/03 00:00:00,2026/01/11 00:00:00
GI093,G093,WI036,W036,注汽井,区域1,站点1,区块1,2022/01/03 00:00:00,2026/01/11 00:00:00
GI015,G015,WI024,W024,注汽井,区域1,站点1,区块1,2024/01/04 00:00:00,2026/01/11 00:00:00
GI011,G011,WI117,W117,注汽井,区域1,站点1,区块1,2024/01/04 00:00:00,2026/01/11 00:00:00
GI012,G012,WI117,W117,注汽井,区域1,站点1,区块1,2024/01/04 00:00:00,2026/01/11 00:00:00
GI015,G015,WI137,W137,注汽井,区域1,站点1,区块1,2024/01/04 00:00:00,2026/01/11 00:00:00
GI015,G015,WI138,W138,注汽井,区域1,站点1,区块1,2024/01/04 00:00:00,2026/01/11 00:00:00
GI010,G010,WI040,W040,注汽井,区域1,站点1,区块1,2024/01/04 00:00:00,2026/01/11 00:00:00
GI107,G107,WI373,W373,注汽井,区域1,站点2,区块2,2024/01/06 00:00:00,2026/01/11 00:00:00
GI108,G108,WI373,W373,注汽井,区域1,站点2,区块2,2024/01/06 00:00:00,2026/01/11 00:00:00
GI107,G107,WI372,W372,生产井,区域1,站点2,区块2,2024/01/06 00:00:00,2026/01/11 00:00:00
GI109,G109,WI377,W377,注汽井,区域1,站点2,区块2,2024/01/06 00:00:00,2026/01/11 00:00:00
GI110,G110,WI377,W377,注汽井,区域1,站点2,区块2,2024/01/06 00:00:00,2026/01/11 00:00:00
GI108,G108,WI375,W375,注汽井,区域1,站点2,区块2,2024/01/06 00:00:00,2026/01/11 00:00:00
GI109,G109,WI375,W375,注汽井,区域1,站点2,区块2,2024/01/06 00:00:00,2026/01/11 00:00:00
GI108,G108,WI374,W374,生产井,区域1,站点2,区块2,2024/01/06 00:00:00,2026/01/11 00:00:00
GI109,G109,WI376,W376,生产井,区域1,站点2,区块2,2024/01/06 00:00:00,2026/01/11 00:00:00
GI098,G098,WI383,W383,注汽井,区域1,站点2,区块2,2022/01/08 00:00:00,2026/01/11 00:00:00
GI099,G099,WI383,W383,注汽井,区域1,站点2,区块2,2022/01/08 00:00:00,2026/01/11 00:00:00
GI099,G099,WI384,W384,注汽井,区域1,站点2,区块2,2022/01/08 00:00:00,2026/01/11 00:00:00
GI100,G100,WI384,W384,注汽井,区域1,站点2,区块2,2022/01/08 00:00:00,2026/01/11 00:00:00
GI104,G104,WI368,W368,注汽井,区域1,站点2,区块2,2024/01/06 00:00:00,2026/01/11 00:00:00
GI105,G105,WI368,W368,注汽井,区域1,站点2,区块2,2024/01/06 00:00:00,2026/01/11 00:00:00
GI104,G104,WI367,W367,生产井,区域1,站点2,区块2,2024/01/06 00:00:00,2026/01/11 00:00:00
GI101,G101,WI363,W363,注汽井,区域1,站点2,区块2,2024/01/06 00:00:00,2026/01/11 00:00:00
GI102,G102,WI363,W363,注汽井,区域1,站点2,区块2,2024/01/06 00:00:00,2026/01/11 00:00:00
GI102,G102,WI364,W364,生产井,区域1,站点2,区块2,2024/01/06 00:00:00,2026/01/11 00:00:00
GI102,G102,WI365,W365,注汽井,区域1,站点2,区块2,2024/01/06 00:00:00,2026/01/11 00:00:00
GI103,G103,WI365,W365,注汽井,区域1,站点2,区块2,2024/01/06 00:00:00,2026/01/11 00:00:00
GI105,G105,WI369,W369,生产井,区域1,站点2,区块2,2024/01/06 00:00:00,2026/01/11 00:00:00
GI105,G105,WI370,W370,注汽井,区域1,站点2,区块2,2024/01/06 00:00:00,2026/01/11 00:00:00
GI106,G106,WI370,W370,注汽井,区域1,站点2,区块2,2024/01/06 00:00:00,2026/01/11 00:00:00
GI103,G103,WI366,W366,生产井,区域1,站点2,区块2,2024/01/06 00:00:00,2026/01/11 00:00:00
GI106,G106,WI371,W371,生产井,区域1,站点2,区块2,2024/01/06 00:00:00,2026/01/11 00:00:00
GI111,G111,WI381,W381,注汽井,区域1,站点2,区块2,2024/01/06 00:00:00,2026/01/11 00:00:00
GI112,G112,WI381,W381,注汽井,区域1,站点2,区块2,2024/01/06 00:00:00,2026/01/11 00:00:00
GI110,G110,WI378,W378,生产井,区域1,站点2,区块2,2024/01/06 00:00:00,2026/01/11 00:00:00
GI110,G110,WI379,W379,注汽井,区域1,站点2,区块2,2024/01/06 00:00:00,2026/01/11 00:00:00
GI111,G111,WI379,W379,注汽井,区域1,站点2,区块2,2024/01/06 00:00:00,2026/01/11 00:00:00
GI111,G111,WI380,W380,生产井,区域1,站点2,区块2,2024/01/06 00:00:00,2026/01/11 00:00:00
GI112,G112,WI382,W382,生产井,区域1,站点2,区块2,2024/01/06 00:00:00,2026/01/11 00:00:00
GI097,G097,WI166,W166,注汽井,区域1,站点2,区块2,2021/01/01 00:00:00,2026/01/11 00:00:00
GI101,G101,WI362,W362,生产井,区域1,站点2,区块2,2024/01/06 00:00:00,2026/01/11 00:00:00
GI100,G100,WI361,W361,生产井,区域1,站点2,区块2,2022/01/08 00:00:00,2026/01/11 00:00:00
GI099,G099,WI360,W360,生产井,区域1,站点2,区块2,2022/01/08 00:00:00,2026/01/11 00:00:00
GI098,G098,WI359,W359,生产井,区域1,站点2,区块2,2022/01/08 00:00:00,2026/01/11 00:00:00
GI094,G094,WI155,W155,注汽井,区域1,站点2,区块2,2021/01/01 00:00:00,2026/01/11 00:00:00
GI094,G094,WI156,W156,注汽井,区域1,站点2,区块2,2021/01/01 00:00:00,2026/01/11 00:00:00
GI095,G095,WI156,W156,注汽井,区域1,站点2,区块2,2021/01/01 00:00:00,2026/01/11 00:00:00
GI094,G094,WI159,W159,注汽井,区域1,站点2,区块2,2021/01/01 00:00:00,2026/01/11 00:00:00
GI095,G095,WI159,W159,注汽井,区域1,站点2,区块2,2021/01/01 00:00:00,2026/01/11 00:00:00
GI095,G095,WI161,W161,注汽井,区域1,站点2,区块2,2021/01/01 00:00:00,2026/01/11 00:00:00
GI096,G096,WI161,W161,注汽井,区域1,站点2,区块2,2021/01/01 00:00:00,2026/01/11 00:00:00
GI094,G094,WI154,W154,注汽井,区域1,站点2,区块2,2021/01/01 00:00:00,2026/01/11 00:00:00
GI095,G095,WI160,W160,注汽井,区域1,站点2,区块2,2021/01/01 00:00:00,2026/01/11 00:00:00
GI096,G096,WI160,W160,注汽井,区域1,站点2,区块2,2021/01/01 00:00:00,2026/01/11 00:00:00
GI094,G094,WI152,W152,注汽井,区域1,站点2,区块2,2021/01/01 00:00:00,2026/01/11 00:00:00
GI094,G094,WI153,W153,注汽井,区域1,站点2,区块2,2021/01/01 00:00:00,2026/01/11 00:00:00
GI094,G094,WI157,W157,注汽井,区域1,站点2,区块2,2021/01/01 00:00:00,2026/01/11 00:00:00
GI095,G095,WI157,W157,注汽井,区域1,站点2,区块2,2021/01/01 00:00:00,2026/01/11 00:00:00
GI094,G094,WI158,W158,注汽井,区域1,站点2,区块2,2021/01/01 00:00:00,2026/01/11 00:00:00
GI026,G026,WI266,W266,生产井,区域1,站点1,区块1,2024/01/10 00:00:00,2026/01/11 00:00:00
GI042,G042,WI267,W267,注汽井,区域1,站点1,区块1,2016/01/08 00:00:00,2026/01/11 00:00:00
GI025,G025,WI265,W265,生产井,区域1,站点1,区块1,2024/01/10 00:00:00,2026/01/11 00:00:00
GI023,G023,WI263,W263,生产井,区域1,站点1,区块1,2024/01/07 00:00:00,2026/01/11 00:00:00
GI024,G024,WI264,W264,生产井,区域1,站点1,区块1,2024/01/07 00:00:00,2026/01/11 00:00:00
GI042,G042,WI283,W283,生产井,区域1,站点1,区块1,2016/01/08 00:00:00,2026/01/11 00:00:00
GI014,G014,WI045,W045,注汽井,区域1,站点1,区块1,2024/01/04 00:00:00,2026/01/11 00:00:00
GI018,G018,WI053,W053,注汽井,区域1,站点1,区块1,2024/01/04 00:00:00,2026/01/11 00:00:00
GI018,G018,WI054,W054,注汽井,区域1,站点1,区块1,2024/01/04 00:00:00,2026/01/11 00:00:00
GI013,G013,WI120,W120,注汽井,区域1,站点1,区块1,2024/01/04 00:00:00,2026/01/11 00:00:00
GI014,G014,WI130,W130,注汽井,区域1,站点1,区块1,2024/01/04 00:00:00,2026/01/11 00:00:00
GI017,G017,WI131,W131,注汽井,区域1,站点1,区块1,2024/01/04 00:00:00,2026/01/11 00:00:00
GI014,G014,WI044,W044,注汽井,区域1,站点1,区块1,2024/01/04 00:00:00,2026/01/11 00:00:00
GI013,G013,WI119,W119,注汽井,区域1,站点1,区块1,2024/01/04 00:00:00,2026/01/11 00:00:00
GI014,G014,WI129,W129,注汽井,区域1,站点1,区块1,2024/01/04 00:00:00,2026/01/11 00:00:00
GI093,G093,WI035,W035,注汽井,区域1,站点1,区块1,2022/01/03 00:00:00,2026/01/11 00:00:00
GI021,G021,WI143,W143,注汽井,区域1,站点1,区块1,2024/01/04 00:00:00,2026/01/11 00:00:00
GI017,G017,WI048,W048,注汽井,区域1,站点1,区块1,2024/01/04 00:00:00,2026/01/11 00:00:00
GI020,G020,WI049,W049,注汽井,区域1,站点1,区块1,2024/01/04 00:00:00,2026/01/11 00:00:00
GI018,G018,WI055,W055,注汽井,区域1,站点1,区块1,2024/01/04 00:00:00,2026/01/11 00:00:00
GI021,G021,WI056,W056,注汽井,区域1,站点1,区块1,2024/01/04 00:00:00,2026/01/11 00:00:00
GI017,G017,WI133,W133,注汽井,区域1,站点1,区块1,2024/01/04 00:00:00,2026/01/11 00:00:00
GI021,G021,WI142,W142,注汽井,区域1,站点1,区块1,2024/01/04 00:00:00,2026/01/11 00:00:00
GI017,G017,WI047,W047,注汽井,区域1,站点1,区块1,2024/01/04 00:00:00,2026/01/11 00:00:00
GI016,G016,WI121,W121,注汽井,区域1,站点1,区块1,2024/01/04 00:00:00,2026/01/11 00:00:00
GI016,G016,WI122,W122,注汽井,区域1,站点1,区块1,2024/01/04 00:00:00,2026/01/11 00:00:00
GI019,G019,WI124,W124,注汽井,区域1,站点1,区块1,2024/01/04 00:00:00,2026/01/11 00:00:00
GI019,G019,WI125,W125,注汽井,区域1,站点1,区块1,2024/01/04 00:00:00,2026/01/11 00:00:00
GI020,G020,WI134,W134,注汽井,区域1,站点1,区块1,2024/01/04 00:00:00,2026/01/11 00:00:00
GI017,G017,WI046,W046,注汽井,区域1,站点1,区块1,2024/01/04 00:00:00,2026/01/11 00:00:00
GI016,G016,WI123,W123,注汽井,区域1,站点1,区块1,2024/01/04 00:00:00,2026/01/11 00:00:00
GI019,G019,WI078,W078,注汽井,区域1,站点1,区块1,2024/01/04 00:00:00,2026/01/11 00:00:00
GI019,G019,WI175,W175,注汽井,区域1,站点1,区块1,2024/01/04 00:00:00,2026/01/11 00:00:00
GI021,G021,WI057,W057,注汽井,区域1,站点1,区块1,2024/01/04 00:00:00,2026/01/11 00:00:00
GI020,G020,WI050,W050,注汽井,区域1,站点1,区块1,2024/01/04 00:00:00,2026/01/11 00:00:00
GI022,G022,WI058,W058,注汽井,区域1,站点1,区块1,2024/01/04 00:00:00,2026/01/11 00:00:00
GI017,G017,WI257,W257,生产井,区域1,站点1,区块1,2024/01/04 00:00:00,2026/01/11 00:00:00
GI044,G044,WI012,W012,注汽井,区域1,站点1,区块1,2022/01/01 00:00:00,2026/01/11 00:00:00
GI045,G045,WI012,W012,注汽井,区域1,站点1,区块1,2022/01/01 00:00:00,2026/01/11 00:00:00
GI043,G043,WI009,W009,注汽井,区域1,站点1,区块1,2022/01/01 00:00:00,2026/01/11 00:00:00
GI045,G045,WI016,W016,注汽井,区域1,站点1,区块1,2022/01/01 00:00:00,2026/01/11 00:00:00
GI046,G046,WI016,W016,注汽井,区域1,站点1,区块1,2022/01/01 00:00:00,2026/01/11 00:00:00
GI045,G045,WI015,W015,注汽井,区域1,站点1,区块1,2022/01/01 00:00:00,2026/01/11 00:00:00
GI046,G046,WI015,W015,注汽井,区域1,站点1,区块1,2022/01/01 00:00:00,2026/01/11 00:00:00
GI043,G043,WI010,W010,注汽井,区域1,站点1,区块1,2022/01/01 00:00:00,2026/01/11 00:00:00
GI044,G044,WI010,W010,注汽井,区域1,站点1,区块1,2022/01/01 00:00:00,2026/01/11 00:00:00
GI046,G046,WI019,W019,注汽井,区域1,站点1,区块1,2022/01/01 00:00:00,2026/01/11 00:00:00
GI047,G047,WI019,W019,注汽井,区域1,站点1,区块1,2022/01/01 00:00:00,2026/01/11 00:00:00
GI047,G047,WI021,W021,注汽井,区域1,站点1,区块1,2022/01/01 00:00:00,2026/01/11 00:00:00
GI048,G048,WI021,W021,注汽井,区域1,站点1,区块1,2022/01/01 00:00:00,2026/01/11 00:00:00
GI044,G044,WI013,W013,注汽井,区域1,站点1,区块1,2022/01/01 00:00:00,2026/01/11 00:00:00
GI045,G045,WI013,W013,注汽井,区域1,站点1,区块1,2022/01/01 00:00:00,2026/01/11 00:00:00
GI046,G046,WI018,W018,注汽井,区域1,站点1,区块1,2022/01/01 00:00:00,2026/01/11 00:00:00
GI047,G047,WI018,W018,注汽井,区域1,站点1,区块1,2022/01/01 00:00:00,2026/01/11 00:00:00
GI006,G006,WI028,W028,注汽井,区域1,站点1,区块1,2020/01/11 00:00:00,2026/01/11 00:00:00
GI006,G006,WI027,W027,注汽井,区域1,站点1,区块1,2020/01/11 00:00:00,2026/01/11 00:00:00
GI051,G051,WI299,W299,生产井,区域1,站点1,区块1,2024/01/05 00:00:00,2026/01/11 00:00:00
GI067,G067,WI315,W315,生产井,区域1,站点1,区块1,2024/01/05 00:00:00,2026/01/11 00:00:00
GI051,G051,WI344,W344,注汽井,区域1,站点1,区块1,2024/01/05 00:00:00,2026/01/11 00:00:00
GI062,G062,WI310,W310,生产井,区域1,站点1,区块1,2022/01/03 00:00:00,2026/01/11 00:00:00
GI063,G063,WI311,W311,生产井,区域1,站点1,区块1,2022/01/03 00:00:00,2026/01/11 00:00:00
GI032,G032,WI273,W273,生产井,区域1,站点1,区块1,2024/01/11 00:00:00,2026/01/11 00:00:00
GI048,G048,WI292,W292,生产井,区域1,站点1,区块1,2022/01/01 00:00:00,2026/01/11 00:00:00
GI033,G033,WI274,W274,生产井,区域1,站点1,区块1,2024/01/11 00:00:00,2026/01/11 00:00:00
GI058,G058,WI062,W062,注汽井,区域1,站点1,区块1,2022/01/03 00:00:00,2026/01/11 00:00:00
GI058,G058,WI064,W064,注汽井,区域1,站点1,区块1,2022/01/03 00:00:00,2026/01/11 00:00:00
GI058,G058,WI063,W063,注汽井,区域1,站点1,区块1,2022/01/03 00:00:00,2026/01/11 00:00:00
GI056,G056,WI304,W304,生产井,区域1,站点1,区块1,2024/01/05 00:00:00,2026/01/11 00:00:00
GI088,G088,WI033,W033,注汽井,区域1,站点1,区块1,2023/01/03 00:00:00,2026/01/11 00:00:00
GI089,G089,WI033,W033,注汽井,区域1,站点1,区块1,2023/01/03 00:00:00,2026/01/11 00:00:00
GI088,G088,WI034,W034,注汽井,区域1,站点1,区块1,2023/01/03 00:00:00,2026/01/11 00:00:00
GI089,G089,WI034,W034,注汽井,区域1,站点1,区块1,2023/01/03 00:00:00,2026/01/11 00:00:00
GI088,G088,WI065,W065,注汽井,区域1,站点1,区块1,2023/01/03 00:00:00,2026/01/11 00:00:00
GI066,G066,WI032,W032,注汽井,区域1,站点1,区块1,2023/01/03 00:00:00,2026/01/11 00:00:00
GI066,G066,WI314,W314,生产井,区域1,站点1,区块1,2023/01/03 00:00:00,2026/01/11 00:00:00
GI054,G054,WI302,W302,生产井,区域1,站点1,区块1,2024/01/05 00:00:00,2026/01/11 00:00:00
GI055,G055,WI303,W303,生产井,区域1,站点1,区块1,2024/01/05 00:00:00,2026/01/11 00:00:00
GI057,G057,WI305,W305,生产井,区域1,站点1,区块1,2024/01/05 00:00:00,2026/01/11 00:00:00
GI078,G078,WI074,W074,注汽井,区域1,站点1,区块1,2023/01/03 00:00:00,2026/01/11 00:00:00
GI079,G079,WI074,W074,注汽井,区域1,站点1,区块1,2023/01/03 00:00:00,2026/01/11 00:00:00
GI079,G079,WI075,W075,注汽井,区域1,站点1,区块1,2023/01/03 00:00:00,2026/01/11 00:00:00
GI076,G076,WI069,W069,注汽井,区域1,站点1,区块1,2023/01/03 00:00:00,2026/01/11 00:00:00
GI077,G077,WI069,W069,注汽井,区域1,站点1,区块1,2023/01/03 00:00:00,2026/01/11 00:00:00
GI076,G076,WI070,W070,注汽井,区域1,站点1,区块1,2023/01/03 00:00:00,2026/01/11 00:00:00
GI077,G077,WI070,W070,注汽井,区域1,站点1,区块1,2023/01/03 00:00:00,2026/01/11 00:00:00
GI077,G077,WI073,W073,注汽井,区域1,站点1,区块1,2023/01/03 00:00:00,2026/01/11 00:00:00
GI078,G078,WI073,W073,注汽井,区域1,站点1,区块1,2023/01/03 00:00:00,2026/01/11 00:00:00
GI083,G083,WI073,W073,注汽井,区域1,站点1,区块1,2023/01/03 00:00:00,2026/01/11 00:00:00
GI077,G077,WI030,W030,注汽井,区域1,站点1,区块1,2023/01/03 00:00:00,2026/01/11 00:00:00
GI078,G078,WI030,W030,注汽井,区域1,站点1,区块1,2023/01/03 00:00:00,2026/01/11 00:00:00
GI077,G077,WI072,W072,注汽井,区域1,站点1,区块1,2023/01/03 00:00:00,2026/01/11 00:00:00
GI078,G078,WI072,W072,注汽井,区域1,站点1,区块1,2023/01/03 00:00:00,2026/01/11 00:00:00
GI095,G095,WI158,W158,注汽井,区域1,站点2,区块2,2021/01/01 00:00:00,2026/01/11 00:00:00
GI094,G094,WI355,W355,生产井,区域1,站点2,区块2,2021/01/01 00:00:00,2026/01/11 00:00:00
GI095,G095,WI356,W356,生产井,区域1,站点2,区块2,2021/01/01 00:00:00,2026/01/11 00:00:00
GI095,G095,WI163,W163,注汽井,区域1,站点2,区块2,2021/01/01 00:00:00,2026/01/11 00:00:00
GI096,G096,WI163,W163,注汽井,区域1,站点2,区块2,2021/01/01 00:00:00,2026/01/11 00:00:00
GI095,G095,WI162,W162,注汽井,区域1,站点2,区块2,2021/01/01 00:00:00,2026/01/11 00:00:00
GI096,G096,WI162,W162,注汽井,区域1,站点2,区块2,2021/01/01 00:00:00,2026/01/11 00:00:00
GI096,G096,WI164,W164,注汽井,区域1,站点2,区块2,2021/01/01 00:00:00,2026/01/11 00:00:00
GI097,G097,WI164,W164,注汽井,区域1,站点2,区块2,2021/01/01 00:00:00,2026/01/11 00:00:00
GI097,G097,WI167,W167,注汽井,区域1,站点2,区块2,2021/01/01 00:00:00,2026/01/11 00:00:00
GI097,G097,WI168,W168,注汽井,区域1,站点2,区块2,2021/01/01 00:00:00,2026/01/11 00:00:00
GI097,G097,WI169,W169,注汽井,区域1,站点2,区块2,2021/01/01 00:00:00,2026/01/11 00:00:00
GI096,G096,WI165,W165,注汽井,区域1,站点2,区块2,2021/01/01 00:00:00,2026/01/11 00:00:00
GI097,G097,WI165,W165,注汽井,区域1,站点2,区块2,2021/01/01 00:00:00,2026/01/11 00:00:00
GI096,G096,WI357,W357,生产井,区域1,站点2,区块2,2021/01/01 00:00:00,2026/01/11 00:00:00
GI097,G097,WI358,W358,生产井,区域1,站点2,区块2,2021/01/01 00:00:00,2026/01/11 00:00:00
GI011,G011,WI251,W251,生产井,区域1,站点1,区块1,2024/01/04 00:00:00,2026/01/11 00:00:00
GI012,G012,WI252,W252,生产井,区域1,站点1,区块1,2024/01/04 00:00:00,2026/01/11 00:00:00
GI013,G013,WI253,W253,生产井,区域1,站点1,区块1,2024/01/04 00:00:00,2026/01/11 00:00:00
GI014,G014,WI254,W254,生产井,区域1,站点1,区块1,2024/01/04 00:00:00,2026/01/11 00:00:00
GI015,G015,WI255,W255,生产井,区域1,站点1,区块1,2024/01/04 00:00:00,2026/01/11 00:00:00
GI018,G018,WI258,W258,生产井,区域1,站点1,区块1,2024/01/04 00:00:00,2026/01/11 00:00:00
GI010,G010,WI250,W250,生产井,区域1,站点1,区块1,2024/01/04 00:00:00,2026/01/11 00:00:00
GI016,G016,WI256,W256,生产井,区域1,站点1,区块1,2024/01/04 00:00:00,2026/01/11 00:00:00
GI019,G019,WI259,W259,生产井,区域1,站点1,区块1,2024/01/04 00:00:00,2026/01/11 00:00:00
GI020,G020,WI260,W260,生产井,区域1,站点1,区块1,2024/01/04 00:00:00,2026/01/11 00:00:00
GI022,G022,WI262,W262,生产井,区域1,站点1,区块1,2024/01/04 00:00:00,2026/01/11 00:00:00
GI021,G021,WI261,W261,生产井,区域1,站点1,区块1,2024/01/04 00:00:00,2026/01/11 00:00:00
GI049,G049,WI082,W082,注汽井,区域1,站点1,区块1,2023/01/03 00:00:00,2026/01/11 00:00:00
GI050,G050,WI082,W082,注汽井,区域1,站点1,区块1,2023/01/03 00:00:00,2026/01/11 00:00:00
GI049,G049,WI180,W180,注汽井,区域1,站点1,区块1,2023/01/03 00:00:00,2026/01/11 00:00:00
GI080,G080,WI180,W180,注汽井,区域1,站点1,区块1,2023/01/03 00:00:00,2026/01/11 00:00:00
GI049,G049,WI181,W181,注汽井,区域1,站点1,区块1,2023/01/03 00:00:00,2026/01/11 00:00:00
GI050,G050,WI181,W181,注汽井,区域1,站点1,区块1,2023/01/03 00:00:00,2026/01/11 00:00:00
GI049,G049,WI008,W008,注汽井,区域1,站点1,区块1,2023/01/03 00:00:00,2026/01/11 00:00:00
GI083,G083,WI086,W086,注汽井,区域1,站点1,区块1,2023/01/03 00:00:00,2026/01/11 00:00:00
GI079,G079,WI204,W204,注汽井,区域1,站点1,区块1,2023/01/03 00:00:00,2026/01/11 00:00:00
GI083,G083,WI204,W204,注汽井,区域1,站点1,区块1,2023/01/03 00:00:00,2026/01/11 00:00:00
GI084,G084,WI204,W204,注汽井,区域1,站点1,区块1,2023/01/03 00:00:00,2026/01/11 00:00:00
GI084,G084,WI205,W205,注汽井,区域1,站点1,区块1,2023/01/03 00:00:00,2026/01/11 00:00:00
GI087,G087,WI205,W205,注汽井,区域1,站点1,区块1,2023/01/03 00:00:00,2026/01/11 00:00:00
GI084,G084,WI206,W206,注汽井,区域1,站点1,区块1,2023/01/03 00:00:00,2026/01/11 00:00:00
GI087,G087,WI206,W206,注汽井,区域1,站点1,区块1,2023/01/03 00:00:00,2026/01/11 00:00:00
GI083,G083,WI199,W199,注汽井,区域1,站点1,区块1,2023/01/03 00:00:00,2026/01/11 00:00:00
GI083,G083,WI200,W200,注汽井,区域1,站点1,区块1,2023/01/03 00:00:00,2026/01/11 00:00:00
GI079,G079,WI203,W203,注汽井,区域1,站点1,区块1,2023/01/03 00:00:00,2026/01/11 00:00:00
GI083,G083,WI203,W203,注汽井,区域1,站点1,区块1,2023/01/03 00:00:00,2026/01/11 00:00:00
GI079,G079,WI338,W338,生产井,区域1,站点1,区块1,2024/01/05 00:00:00,2026/01/11 00:00:00
GI086,G086,WI338,W338,注汽井,区域1,站点1,区块1,2024/01/05 00:00:00,2026/01/11 00:00:00
GI086,G086,WI339,W339,生产井,区域1,站点1,区块1,2024/01/05 00:00:00,2026/01/11 00:00:00
GI087,G087,WI340,W340,生产井,区域1,站点1,区块1,2023/01/03 00:00:00,2026/01/11 00:00:00
GI074,G074,WI084,W084,注汽井,区域1,站点1,区块1,2023/01/03 00:00:00,2026/01/11 00:00:00
GI075,G075,WI084,W084,注汽井,区域1,站点1,区块1,2023/01/03 00:00:00,2026/01/11 00:00:00
GI073,G073,WI178,W178,注汽井,区域1,站点1,区块1,2023/01/03 00:00:00,2026/01/11 00:00:00
GI074,G074,WI178,W178,注汽井,区域1,站点1,区块1,2023/01/03 00:00:00,2026/01/11 00:00:00
GI073,G073,WI179,W179,注汽井,区域1,站点1,区块1,2023/01/03 00:00:00,2026/01/11 00:00:00
GI074,G074,WI179,W179,注汽井,区域1,站点1,区块1,2023/01/03 00:00:00,2026/01/11 00:00:00
GI075,G075,WI192,W192,注汽井,区域1,站点1,区块1,2023/01/03 00:00:00,2026/01/11 00:00:00
GI076,G076,WI192,W192,注汽井,区域1,站点1,区块1,2023/01/03 00:00:00,2026/01/11 00:00:00
GI068,G068,WI177,W177,注汽井,区域1,站点1,区块1,2023/01/03 00:00:00,2026/01/11 00:00:00
GI069,G069,WI177,W177,注汽井,区域1,站点1,区块1,2023/01/03 00:00:00,2026/01/11 00:00:00
GI069,G069,WI185,W185,注汽井,区域1,站点1,区块1,2023/01/03 00:00:00,2026/01/11 00:00:00
GI070,G070,WI185,W185,注汽井,区域1,站点1,区块1,2023/01/03 00:00:00,2026/01/11 00:00:00
GI071,G071,WI191,W191,注汽井,区域1,站点1,区块1,2023/01/03 00:00:00,2026/01/11 00:00:00
GI075,G075,WI191,W191,注汽井,区域1,站点1,区块1,2023/01/03 00:00:00,2026/01/11 00:00:00
GI076,G076,WI191,W191,注汽井,区域1,站点1,区块1,2023/01/03 00:00:00,2026/01/11 00:00:00
GI075,G075,WI193,W193,注汽井,区域1,站点1,区块1,2023/01/03 00:00:00,2026/01/11 00:00:00
GI076,G076,WI193,W193,注汽井,区域1,站点1,区块1,2023/01/03 00:00:00,2026/01/11 00:00:00
GI075,G075,WI083,W083,注汽井,区域1,站点1,区块1,2023/01/03 00:00:00,2026/01/11 00:00:00
GI068,G068,WI081,W081,注汽井,区域1,站点1,区块1,2023/01/03 00:00:00,2026/01/11 00:00:00
GI069,G069,WI081,W081,注汽井,区域1,站点1,区块1,2023/01/03 00:00:00,2026/01/11 00:00:00
GI070,G070,WI189,W189,注汽井,区域1,站点1,区块1,2023/01/03 00:00:00,2026/01/11 00:00:00
GI071,G071,WI189,W189,注汽井,区域1,站点1,区块1,2023/01/03 00:00:00,2026/01/11 00:00:00
GI071,G071,WI195,W195,注汽井,区域1,站点1,区块1,2023/01/03 00:00:00,2026/01/11 00:00:00
GI072,G072,WI195,W195,注汽井,区域1,站点1,区块1,2023/01/03 00:00:00,2026/01/11 00:00:00
GI071,G071,WI197,W197,注汽井,区域1,站点1,区块1,2023/01/03 00:00:00,2026/01/11 00:00:00
GI072,G072,WI197,W197,注汽井,区域1,站点1,区块1,2023/01/03 00:00:00,2026/01/11 00:00:00
GI069,G069,WI176,W176,注汽井,区域1,站点1,区块1,2023/01/03 00:00:00,2026/01/11 00:00:00
GI069,G069,WI183,W183,注汽井,区域1,站点1,区块1,2023/01/03 00:00:00,2026/01/11 00:00:00
GI070,G070,WI183,W183,注汽井,区域1,站点1,区块1,2023/01/03 00:00:00,2026/01/11 00:00:00
GI070,G070,WI190,W190,注汽井,区域1,站点1,区块1,2023/01/03 00:00:00,2026/01/11 00:00:00
GI071,G071,WI190,W190,注汽井,区域1,站点1,区块1,2023/01/03 00:00:00,2026/01/11 00:00:00
GI070,G070,WI188,W188,注汽井,区域1,站点1,区块1,2023/01/03 00:00:00,2026/01/11 00:00:00
GI071,G071,WI188,W188,注汽井,区域1,站点1,区块1,2023/01/03 00:00:00,2026/01/11 00:00:00
GI071,G071,WI196,W196,注汽井,区域1,站点1,区块1,2023/01/03 00:00:00,2026/01/11 00:00:00
GI072,G072,WI196,W196,注汽井,区域1,站点1,区块1,2023/01/03 00:00:00,2026/01/11 00:00:00
GI069,G069,WI184,W184,注汽井,区域1,站点1,区块1,2023/01/03 00:00:00,2026/01/11 00:00:00
GI070,G070,WI184,W184,注汽井,区域1,站点1,区块1,2023/01/03 00:00:00,2026/01/11 00:00:00
GI065,G065,WI085,W085,注汽井,区域1,站点1,区块1,2023/01/03 00:00:00,2026/01/11 00:00:00
GI066,G066,WI087,W087,注汽井,区域1,站点1,区块1,2023/01/03 00:00:00,2026/01/11 00:00:00
GI050,G050,WI182,W182,注汽井,区域1,站点1,区块1,2023/01/03 00:00:00,2026/01/11 00:00:00
GI065,G065,WI182,W182,注汽井,区域1,站点1,区块1,2023/01/03 00:00:00,2026/01/11 00:00:00
GI065,G065,WI194,W194,注汽井,区域1,站点1,区块1,2023/01/03 00:00:00,2026/01/11 00:00:00
GI064,G064,WI312,W312,生产井,区域1,站点1,区块1,2024/01/05 00:00:00,2026/01/11 00:00:00
GI051,G051,WI345,W345,注汽井,区域1,站点1,区块1,2024/01/05 00:00:00,2026/01/11 00:00:00
GI067,G067,WI345,W345,注汽井,区域1,站点1,区块1,2024/01/05 00:00:00,2026/01/11 00:00:00
GI066,G066,WI201,W201,注汽井,区域1,站点1,区块1,2023/01/03 00:00:00,2026/01/11 00:00:00
GI089,G089,WI208,W208,注汽井,区域1,站点1,区块1,2023/01/03 00:00:00,2026/01/11 00:00:00
GI090,G090,WI208,W208,注汽井,区域1,站点1,区块1,2023/01/03 00:00:00,2026/01/11 00:00:00
GI089,G089,WI209,W209,注汽井,区域1,站点1,区块1,2023/01/03 00:00:00,2026/01/11 00:00:00
GI090,G090,WI209,W209,注汽井,区域1,站点1,区块1,2023/01/03 00:00:00,2026/01/11 00:00:00
GI089,G089,WI210,W210,注汽井,区域1,站点1,区块1,2023/01/03 00:00:00,2026/01/11 00:00:00
GI090,G090,WI210,W210,注汽井,区域1,站点1,区块1,2023/01/03 00:00:00,2026/01/11 00:00:00
GI066,G066,WI202,W202,注汽井,区域1,站点1,区块1,2023/01/03 00:00:00,2026/01/11 00:00:00
GI087,G087,WI207,W207,注汽井,区域1,站点1,区块1,2023/01/03 00:00:00,2026/01/11 00:00:00
GI084,G084,WI337,W337,生产井,区域1,站点1,区块1,2024/01/05 00:00:00,2026/01/11 00:00:00
GI085,G085,WI337,W337,注汽井,区域1,站点1,区块1,2024/01/05 00:00:00,2026/01/11 00:00:00
GI088,G088,WI341,W341,生产井,区域1,站点1,区块1,2023/01/03 00:00:00,2026/01/11 00:00:00
GI089,G089,WI342,W342,生产井,区域1,站点1,区块1,2023/01/03 00:00:00,2026/01/11 00:00:00
GI056,G056,WI351,W351,注汽井,区域1,站点1,区块1,2024/01/05 00:00:00,2026/01/11 00:00:00
GI057,G057,WI351,W351,注汽井,区域1,站点1,区块1,2024/01/05 00:00:00,2026/01/11 00:00:00
GI090,G090,WI343,W343,生产井,区域1,站点1,区块1,2023/01/03 00:00:00,2026/01/11 00:00:00
GI052,G052,WI347,W347,注汽井,区域1,站点1,区块1,2024/01/05 00:00:00,2026/01/11 00:00:00
GI053,G053,WI347,W347,注汽井,区域1,站点1,区块1,2024/01/05 00:00:00,2026/01/11 00:00:00
GI052,G052,WI346,W346,注汽井,区域1,站点1,区块1,2024/01/05 00:00:00,2026/01/11 00:00:00
GI067,G067,WI346,W346,注汽井,区域1,站点1,区块1,2024/01/05 00:00:00,2026/01/11 00:00:00
GI053,G053,WI348,W348,注汽井,区域1,站点1,区块1,2024/01/05 00:00:00,2026/01/11 00:00:00
GI054,G054,WI348,W348,注汽井,区域1,站点1,区块1,2024/01/05 00:00:00,2026/01/11 00:00:00
GI054,G054,WI349,W349,注汽井,区域1,站点1,区块1,2024/01/05 00:00:00,2026/01/11 00:00:00
GI055,G055,WI349,W349,注汽井,区域1,站点1,区块1,2024/01/05 00:00:00,2026/01/11 00:00:00
GI055,G055,WI350,W350,注汽井,区域1,站点1,区块1,2024/01/05 00:00:00,2026/01/11 00:00:00
GI056,G056,WI350,W350,注汽井,区域1,站点1,区块1,2024/01/05 00:00:00,2026/01/11 00:00:00
GI011,G011,WI171,W171,注汽井,区域1,站点1,区块1,2024/01/04 00:00:00,2026/01/11 00:00:00
GI012,G012,WI171,W171,注汽井,区域1,站点1,区块1,2024/01/04 00:00:00,2026/01/11 00:00:00
GI011,G011,WI172,W172,注汽井,区域1,站点1,区块1,2024/01/04 00:00:00,2026/01/11 00:00:00
GI011,G011,WI174,W174,注汽井,区域1,站点1,区块1,2024/01/04 00:00:00,2026/01/11 00:00:00
GI011,G011,WI173,W173,注汽井,区域1,站点1,区块1,2024/01/04 00:00:00,2026/01/11 00:00:00
GI011,G011,WI170,W170,注汽井,区域1,站点1,区块1,2024/01/04 00:00:00,2026/01/11 00:00:00
GI006,G006,WI149,W149,注汽井,区域1,站点1,区块1,2020/01/11 00:00:00,2026/01/11 00:00:00
GI007,G007,WI149,W149,注汽井,区域1,站点1,区块1,2020/01/11 00:00:00,2026/01/11 00:00:00
GI064,G064,WI335,W335,注汽井,区域1,站点1,区块1,2024/01/05 00:00:00,2026/01/11 00:00:00
GI081,G081,WI335,W335,注汽井,区域1,站点1,区块1,2024/01/05 00:00:00,2026/01/11 00:00:00
GI062,G062,WI217,W217,注汽井,区域1,站点1,区块1,2022/01/03 00:00:00,2026/01/11 00:00:00
GI063,G063,WI217,W217,注汽井,区域1,站点1,区块1,2022/01/03 00:00:00,2026/01/11 00:00:00
GI061,G061,WI218,W218,注汽井,区域1,站点1,区块1,2022/01/03 00:00:00,2026/01/11 00:00:00
GI062,G062,WI218,W218,注汽井,区域1,站点1,区块1,2022/01/03 00:00:00,2026/01/11 00:00:00
GI061,G061,WI219,W219,注汽井,区域1,站点1,区块1,2022/01/03 00:00:00,2026/01/11 00:00:00
GI062,G062,WI219,W219,注汽井,区域1,站点1,区块1,2022/01/03 00:00:00,2026/01/11 00:00:00
GI063,G063,WI220,W220,注汽井,区域1,站点1,区块1,2022/01/03 00:00:00,2026/01/11 00:00:00
GI091,G091,WI220,W220,注汽井,区域1,站点1,区块1,2022/01/03 00:00:00,2026/01/11 00:00:00
GI091,G091,WI223,W223,注汽井,区域1,站点1,区块1,2022/01/03 00:00:00,2026/01/11 00:00:00
GI092,G092,WI223,W223,注汽井,区域1,站点1,区块1,2022/01/03 00:00:00,2026/01/11 00:00:00
GI092,G092,WI224,W224,注汽井,区域1,站点1,区块1,2022/01/03 00:00:00,2026/01/11 00:00:00
GI093,G093,WI224,W224,注汽井,区域1,站点1,区块1,2022/01/03 00:00:00,2026/01/11 00:00:00
GI062,G062,WI221,W221,注汽井,区域1,站点1,区块1,2022/01/03 00:00:00,2026/01/11 00:00:00
GI063,G063,WI221,W221,注汽井,区域1,站点1,区块1,2022/01/03 00:00:00,2026/01/11 00:00:00
GI091,G091,WI222,W222,注汽井,区域1,站点1,区块1,2022/01/03 00:00:00,2026/01/11 00:00:00
GI092,G092,WI222,W222,注汽井,区域1,站点1,区块1,2022/01/03 00:00:00,2026/01/11 00:00:00
GI091,G091,WI352,W352,生产井,区域1,站点1,区块1,2022/01/03 00:00:00,2026/01/11 00:00:00
GI093,G093,WI354,W354,生产井,区域1,站点1,区块1,2022/01/03 00:00:00,2026/01/11 00:00:00
GI092,G092,WI353,W353,生产井,区域1,站点1,区块1,2022/01/03 00:00:00,2026/01/11 00:00:00
GI058,G058,WI211,W211,注汽井,区域1,站点1,区块1,2022/01/03 00:00:00,2026/01/11 00:00:00
GI059,G059,WI211,W211,注汽井,区域1,站点1,区块1,2022/01/03 00:00:00,2026/01/11 00:00:00
GI058,G058,WI212,W212,注汽井,区域1,站点1,区块1,2022/01/03 00:00:00,2026/01/11 00:00:00
GI059,G059,WI212,W212,注汽井,区域1,站点1,区块1,2022/01/03 00:00:00,2026/01/11 00:00:00
GI059,G059,WI213,W213,注汽井,区域1,站点1,区块1,2022/01/03 00:00:00,2026/01/11 00:00:00
GI060,G060,WI213,W213,注汽井,区域1,站点1,区块1,2022/01/03 00:00:00,2026/01/11 00:00:00
GI059,G059,WI214,W214,注汽井,区域1,站点1,区块1,2022/01/03 00:00:00,2026/01/11 00:00:00
GI060,G060,WI214,W214,注汽井,区域1,站点1,区块1,2022/01/03 00:00:00,2026/01/11 00:00:00
GI060,G060,WI215,W215,注汽井,区域1,站点1,区块1,2022/01/03 00:00:00,2026/01/11 00:00:00
GI061,G061,WI215,W215,注汽井,区域1,站点1,区块1,2022/01/03 00:00:00,2026/01/11 00:00:00
GI060,G060,WI216,W216,注汽井,区域1,站点1,区块1,2022/01/03 00:00:00,2026/01/11 00:00:00
GI061,G061,WI216,W216,注汽井,区域1,站点1,区块1,2022/01/03 00:00:00,2026/01/11 00:00:00
GI007,G007,WI237,W237,注汽井,区域1,站点1,区块1,2020/01/11 00:00:00,2026/01/11 00:00:00
GI002,G002,WI228,W228,注汽井,区域1,站点1,区块1,2020/01/11 00:00:00,2026/01/11 00:00:00
GI003,G003,WI228,W228,注汽井,区域1,站点1,区块1,2020/01/11 00:00:00,2026/01/11 00:00:00
GI003,G003,WI229,W229,注汽井,区域1,站点1,区块1,2020/01/11 00:00:00,2026/01/11 00:00:00
GI004,G004,WI229,W229,注汽井,区域1,站点1,区块1,2020/01/11 00:00:00,2026/01/11 00:00:00
GI002,G002,WI233,W233,注汽井,区域1,站点1,区块1,2020/01/11 00:00:00,2026/01/11 00:00:00
GI003,G003,WI233,W233,注汽井,区域1,站点1,区块1,2020/01/11 00:00:00,2026/01/11 00:00:00
GI004,G004,WI230,W230,注汽井,区域1,站点1,区块1,2020/01/11 00:00:00,2026/01/11 00:00:00
GI005,G005,WI230,W230,注汽井,区域1,站点1,区块1,2020/01/11 00:00:00,2026/01/11 00:00:00
GI005,G005,WI231,W231,注汽井,区域1,站点1,区块1,2020/01/11 00:00:00,2026/01/11 00:00:00
GI003,G003,WI234,W234,注汽井,区域1,站点1,区块1,2020/01/11 00:00:00,2026/01/11 00:00:00
GI004,G004,WI234,W234,注汽井,区域1,站点1,区块1,2020/01/11 00:00:00,2026/01/11 00:00:00
GI008,G008,WI239,W239,注汽井,区域1,站点1,区块1,2020/01/11 00:00:00,2026/01/11 00:00:00
GI009,G009,WI239,W239,注汽井,区域1,站点1,区块1,2020/01/11 00:00:00,2026/01/11 00:00:00
GI006,G006,WI236,W236,注汽井,区域1,站点1,区块1,2020/01/11 00:00:00,2026/01/11 00:00:00
GI007,G007,WI236,W236,注汽井,区域1,站点1,区块1,2020/01/11 00:00:00,2026/01/11 00:00:00
GI007,G007,WI235,W235,注汽井,区域1,站点1,区块1,2020/01/11 00:00:00,2026/01/11 00:00:00
GI028,G028,WI286,W286,注汽井,区域1,站点1,区块1,2016/01/08 00:00:00,2026/01/11 00:00:00
GI029,G029,WI286,W286,注汽井,区域1,站点1,区块1,2016/01/08 00:00:00,2026/01/11 00:00:00
GI027,G027,WI284,W284,注汽井,区域1,站点1,区块1,2016/01/08 00:00:00,2026/01/11 00:00:00
GI027,G027,WI285,W285,注汽井,区域1,站点1,区块1,2016/01/08 00:00:00,2026/01/11 00:00:00
GI028,G028,WI285,W285,注汽井,区域1,站点1,区块1,2016/01/08 00:00:00,2026/01/11 00:00:00
GI046,G046,WI290,W290,生产井,区域1,站点1,区块1,2022/01/01 00:00:00,2026/01/11 00:00:00
GI044,G044,WI288,W288,生产井,区域1,站点1,区块1,2022/01/01 00:00:00,2026/01/11 00:00:00
GI045,G045,WI289,W289,生产井,区域1,站点1,区块1,2022/01/01 00:00:00,2026/01/11 00:00:00
GI047,G047,WI291,W291,生产井,区域1,站点1,区块1,2022/01/01 00:00:00,2026/01/11 00:00:00
GI019,G019,WI077,W077,注汽井,区域1,站点1,区块1,2024/01/04 00:00:00,2026/01/11 00:00:00
GI013,G013,WI076,W076,注汽井,区域1,站点1,区块1,2024/01/04 00:00:00,2026/01/11 00:00:00
GI016,G016,WI079,W079,注汽井,区域1,站点1,区块1,2024/01/04 00:00:00,2026/01/11 00:00:00
GI016,G016,WI080,W080,注汽井,区域1,站点1,区块1,2024/01/04 00:00:00,2026/01/11 00:00:00
GI043,G043,WI240,W240,注汽井,区域1,站点1,区块1,2022/01/01 00:00:00,2026/01/11 00:00:00
GI044,G044,WI240,W240,注汽井,区域1,站点1,区块1,2022/01/01 00:00:00,2026/01/11 00:00:00
GI004,G004,WI244,W244,生产井,区域1,站点1,区块1,2020/01/11 00:00:00,2026/01/11 00:00:00
GI005,G005,WI245,W245,生产井,区域1,站点1,区块1,2020/01/11 00:00:00,2026/01/11 00:00:00
GI003,G003,WI243,W243,生产井,区域1,站点1,区块1,2020/01/11 00:00:00,2026/01/11 00:00:00
GI002,G002,WI242,W242,生产井,区域1,站点1,区块1,2020/01/11 00:00:00,2026/01/11 00:00:00
GI043,G043,WI287,W287,生产井,区域1,站点1,区块1,2022/01/01 00:00:00,2026/01/11 00:00:00
GI001,G001,WI241,W241,生产井,区域1,站点1,区块1,2020/01/11 00:00:00,2026/01/11 00:00:00
GI050,G050,WI031,W031,注汽井,区域1,站点1,区块1,2023/01/03 00:00:00,2026/01/11 00:00:00
GI065,G065,WI031,W031,注汽井,区域1,站点1,区块1,2023/01/03 00:00:00,2026/01/11 00:00:00
GI050,G050,WI187,W187,注汽井,区域1,站点1,区块1,2023/01/03 00:00:00,2026/01/11 00:00:00
GI065,G065,WI187,W187,注汽井,区域1,站点1,区块1,2023/01/03 00:00:00,2026/01/11 00:00:00
GI066,G066,WI198,W198,注汽井,区域1,站点1,区块1,2023/01/03 00:00:00,2026/01/11 00:00:00
GI049,G049,WI186,W186,注汽井,区域1,站点1,区块1,2023/01/03 00:00:00,2026/01/11 00:00:00
GI050,G050,WI186,W186,注汽井,区域1,站点1,区块1,2023/01/03 00:00:00,2026/01/11 00:00:00
GI080,G080,WI334,W334,生产井,区域1,站点1,区块1,2024/01/05 00:00:00,2026/01/11 00:00:00
GI081,G081,WI334,W334,注汽井,区域1,站点1,区块1,2024/01/05 00:00:00,2026/01/11 00:00:00
GI064,G064,WI336,W336,注汽井,区域1,站点1,区块1,2024/01/05 00:00:00,2026/01/11 00:00:00
GI082,G082,WI336,W336,注汽井,区域1,站点1,区块1,2024/01/05 00:00:00,2026/01/11 00:00:00
GI080,G080,WI068,W068,注汽井,区域1,站点1,区块1,2023/01/03 00:00:00,2026/01/11 00:00:00
GI073,G073,WI321,W321,生产井,区域1,站点1,区块1,2023/01/03 00:00:00,2026/01/11 00:00:00
GI074,G074,WI322,W322,生产井,区域1,站点1,区块1,2023/01/03 00:00:00,2026/01/11 00:00:00
GI075,G075,WI323,W323,生产井,区域1,站点1,区块1,2023/01/03 00:00:00,2026/01/11 00:00:00
GI077,G077,WI325,W325,生产井,区域1,站点1,区块1,2023/01/03 00:00:00,2026/01/11 00:00:00
GI079,G079,WI327,W327,生产井,区域1,站点1,区块1,2023/01/03 00:00:00,2026/01/11 00:00:00
GI078,G078,WI326,W326,生产井,区域1,站点1,区块1,2023/01/03 00:00:00,2026/01/11 00:00:00
GI076,G076,WI324,W324,生产井,区域1,站点1,区块1,2023/01/03 00:00:00,2026/01/11 00:00:00
GI021,G021,WI144,W144,注汽井,区域1,站点1,区块1,2024/01/04 00:00:00,2026/01/11 00:00:00
GI019,G019,WI126,W126,注汽井,区域1,站点1,区块1,2024/01/04 00:00:00,2026/01/11 00:00:00
GI020,G020,WI051,W051,注汽井,区域1,站点1,区块1,2024/01/04 00:00:00,2026/01/11 00:00:00
GI020,G020,WI135,W135,注汽井,区域1,站点1,区块1,2024/01/04 00:00:00,2026/01/11 00:00:00
GI020,G020,WI136,W136,注汽井,区域1,站点1,区块1,2024/01/04 00:00:00,2026/01/11 00:00:00
GI072,G072,WI320,W320,生产井,区域1,站点1,区块1,2023/01/03 00:00:00,2026/01/11 00:00:00
GI076,G076,WI071,W071,注汽井,区域1,站点1,区块1,2023/01/03 00:00:00,2026/01/11 00:00:00
GI077,G077,WI071,W071,注汽井,区域1,站点1,区块1,2023/01/03 00:00:00,2026/01/11 00:00:00
GI068,G068,WI007,W007,注汽井,区域1,站点1,区块1,2023/01/03 00:00:00,2026/01/11 00:00:00
GI074,G074,WI067,W067,注汽井,区域1,站点1,区块1,2023/01/03 00:00:00,2026/01/11 00:00:00
GI075,G075,WI067,W067,注汽井,区域1,站点1,区块1,2023/01/03 00:00:00,2026/01/11 00:00:00
GI069,G069,WI317,W317,生产井,区域1,站点1,区块1,2023/01/03 00:00:00,2026/01/11 00:00:00
GI070,G070,WI318,W318,生产井,区域1,站点1,区块1,2023/01/03 00:00:00,2026/01/11 00:00:00
GI068,G068,WI316,W316,生产井,区域1,站点1,区块1,2023/01/03 00:00:00,2026/01/11 00:00:00
GI071,G071,WI319,W319,生产井,区域1,站点1,区块1,2023/01/03 00:00:00,2026/01/11 00:00:00
GI036,G036,WI092,W092,注汽井,区域1,站点1,区块1,2013/01/08 00:00:00,2026/01/11 00:00:00
GI036,G036,WI093,W093,注汽井,区域1,站点1,区块1,2013/01/08 00:00:00,2026/01/11 00:00:00
GI036,G036,WI095,W095,注汽井,区域1,站点1,区块1,2013/01/08 00:00:00,2026/01/11 00:00:00
GI037,G037,WI095,W095,注汽井,区域1,站点1,区块1,2013/01/08 00:00:00,2026/01/11 00:00:00
GI036,G036,WI096,W096,注汽井,区域1,站点1,区块1,2013/01/08 00:00:00,2026/01/11 00:00:00
GI037,G037,WI096,W096,注汽井,区域1,站点1,区块1,2013/01/08 00:00:00,2026/01/11 00:00:00
GI037,G037,WI099,W099,注汽井,区域1,站点1,区块1,2013/01/08 00:00:00,2026/01/11 00:00:00
GI038,G038,WI099,W099,注汽井,区域1,站点1,区块1,2013/01/08 00:00:00,2026/01/11 00:00:00
GI037,G037,WI100,W100,注汽井,区域1,站点1,区块1,2013/01/08 00:00:00,2026/01/11 00:00:00
GI038,G038,WI100,W100,注汽井,区域1,站点1,区块1,2013/01/08 00:00:00,2026/01/11 00:00:00
GI036,G036,WI094,W094,注汽井,区域1,站点1,区块1,2013/01/08 00:00:00,2026/01/11 00:00:00
GI037,G037,WI094,W094,注汽井,区域1,站点1,区块1,2013/01/08 00:00:00,2026/01/11 00:00:00
GI037,G037,WI097,W097,注汽井,区域1,站点1,区块1,2013/01/08 00:00:00,2026/01/11 00:00:00
GI038,G038,WI097,W097,注汽井,区域1,站点1,区块1,2013/01/08 00:00:00,2026/01/11 00:00:00
GI037,G037,WI098,W098,注汽井,区域1,站点1,区块1,2013/01/08 00:00:00,2026/01/11 00:00:00
GI038,G038,WI098,W098,注汽井,区域1,站点1,区块1,2013/01/08 00:00:00,2026/01/11 00:00:00
GI008,G008,WI238,W238,注汽井,区域1,站点1,区块1,2020/01/11 00:00:00,2026/01/11 00:00:00
GI038,G038,WI279,W279,生产井,区域1,站点1,区块1,2013/01/08 00:00:00,2026/01/11 00:00:00
GI006,G006,WI246,W246,生产井,区域1,站点1,区块1,2020/01/11 00:00:00,2026/01/11 00:00:00
GI008,G008,WI248,W248,生产井,区域1,站点1,区块1,2020/01/11 00:00:00,2026/01/11 00:00:00
GI007,G007,WI247,W247,生产井,区域1,站点1,区块1,2020/01/11 00:00:00,2026/01/11 00:00:00
GI037,G037,WI278,W278,生产井,区域1,站点1,区块1,2013/01/08 00:00:00,2026/01/11 00:00:00
GI009,G009,WI249,W249,生产井,区域1,站点1,区块1,2020/01/11 00:00:00,2026/01/11 00:00:00
GI036,G036,WI091,W091,注汽井,区域1,站点1,区块1,2013/01/08 00:00:00,2026/01/11 00:00:00
GI036,G036,WI090,W090,注汽井,区域1,站点1,区块1,2013/01/08 00:00:00,2026/01/11 00:00:00
GI036,G036,WI277,W277,生产井,区域1,站点1,区块1,2013/01/08 00:00:00,2026/01/11 00:00:00
GI008,G008,WI150,W150,注汽井,区域1,站点1,区块1,2020/01/11 00:00:00,2026/01/11 00:00:00
GI005,G005,WI148,W148,注汽井,区域1,站点1,区块1,2020/01/11 00:00:00,2026/01/11 00:00:00
GI008,G008,WI151,W151,注汽井,区域1,站点1,区块1,2020/01/11 00:00:00,2026/01/11 00:00:00
GI009,G009,WI151,W151,注汽井,区域1,站点1,区块1,2020/01/11 00:00:00,2026/01/11 00:00:00
GI004,G004,WI147,W147,注汽井,区域1,站点1,区块1,2020/01/11 00:00:00,2026/01/11 00:00:00
GI005,G005,WI147,W147,注汽井,区域1,站点1,区块1,2020/01/11 00:00:00,2026/01/11 00:00:00
GI061,G061,WI309,W309,生产井,区域1,站点1,区块1,2022/01/03 00:00:00,2026/01/11 00:00:00
GI058,G058,WI306,W306,生产井,区域1,站点1,区块1,2022/01/03 00:00:00,2026/01/11 00:00:00
GI059,G059,WI307,W307,生产井,区域1,站点1,区块1,2022/01/03 00:00:00,2026/01/11 00:00:00
GI060,G060,WI308,W308,生产井,区域1,站点1,区块1,2022/01/03 00:00:00,2026/01/11 00:00:00
GI039,G039,WI107,W107,注汽井,区域1,站点1,区块1,2013/01/08 00:00:00,2026/01/11 00:00:00
GI040,G040,WI107,W107,注汽井,区域1,站点1,区块1,2013/01/08 00:00:00,2026/01/11 00:00:00
GI039,G039,WI108,W108,注汽井,区域1,站点1,区块1,2013/01/08 00:00:00,2026/01/11 00:00:00
GI040,G040,WI108,W108,注汽井,区域1,站点1,区块1,2013/01/08 00:00:00,2026/01/11 00:00:00
GI039,G039,WI109,W109,注汽井,区域1,站点1,区块1,2013/01/08 00:00:00,2026/01/11 00:00:00
GI040,G040,WI109,W109,注汽井,区域1,站点1,区块1,2013/01/08 00:00:00,2026/01/11 00:00:00
GI038,G038,WI101,W101,注汽井,区域1,站点1,区块1,2013/01/08 00:00:00,2026/01/11 00:00:00
GI039,G039,WI101,W101,注汽井,区域1,站点1,区块1,2013/01/08 00:00:00,2026/01/11 00:00:00
GI038,G038,WI102,W102,注汽井,区域1,站点1,区块1,2013/01/08 00:00:00,2026/01/11 00:00:00
GI039,G039,WI102,W102,注汽井,区域1,站点1,区块1,2013/01/08 00:00:00,2026/01/11 00:00:00
GI038,G038,WI103,W103,注汽井,区域1,站点1,区块1,2013/01/08 00:00:00,2026/01/11 00:00:00
GI039,G039,WI103,W103,注汽井,区域1,站点1,区块1,2013/01/08 00:00:00,2026/01/11 00:00:00
GI040,G040,WI116,W116,注汽井,区域1,站点1,区块1,2013/01/08 00:00:00,2026/01/11 00:00:00
GI041,G041,WI116,W116,注汽井,区域1,站点1,区块1,2013/01/08 00:00:00,2026/01/11 00:00:00
GI040,G040,WI113,W113,注汽井,区域1,站点1,区块1,2013/01/08 00:00:00,2026/01/11 00:00:00
GI041,G041,WI113,W113,注汽井,区域1,站点1,区块1,2013/01/08 00:00:00,2026/01/11 00:00:00
GI040,G040,WI114,W114,注汽井,区域1,站点1,区块1,2013/01/08 00:00:00,2026/01/11 00:00:00
GI041,G041,WI114,W114,注汽井,区域1,站点1,区块1,2013/01/08 00:00:00,2026/01/11 00:00:00
GI040,G040,WI115,W115,注汽井,区域1,站点1,区块1,2013/01/08 00:00:00,2026/01/11 00:00:00
GI041,G041,WI115,W115,注汽井,区域1,站点1,区块1,2013/01/08 00:00:00,2026/01/11 00:00:00
GI039,G039,WI110,W110,注汽井,区域1,站点1,区块1,2013/01/08 00:00:00,2026/01/11 00:00:00
GI040,G040,WI110,W110,注汽井,区域1,站点1,区块1,2013/01/08 00:00:00,2026/01/11 00:00:00
GI034,G034,WI104,W104,注汽井,区域1,站点1,区块1,2013/01/08 00:00:00,2026/01/11 00:00:00
GI034,G034,WI106,W106,注汽井,区域1,站点1,区块1,2013/01/08 00:00:00,2026/01/11 00:00:00
GI034,G034,WI111,W111,注汽井,区域1,站点1,区块1,2013/01/08 00:00:00,2026/01/11 00:00:00
GI035,G035,WI111,W111,注汽井,区域1,站点1,区块1,2013/01/08 00:00:00,2026/01/11 00:00:00
GI034,G034,WI112,W112,注汽井,区域1,站点1,区块1,2013/01/08 00:00:00,2026/01/11 00:00:00
GI035,G035,WI112,W112,注汽井,区域1,站点1,区块1,2013/01/08 00:00:00,2026/01/11 00:00:00
GI034,G034,WI061,W061,注汽井,区域1,站点1,区块1,2013/01/08 00:00:00,2026/01/11 00:00:00
GI034,G034,WI105,W105,注汽井,区域1,站点1,区块1,2013/01/08 00:00:00,2026/01/11 00:00:00
